tournament_id,team_id,player_id,jersey_number
WC18,ENG,P-56280,15
WC22,SEN,P-92891,24
WC22,BRA,P-42740,22
WC02,BRA,P-79146,17
WC22,QAT,P-75618,21
WC02,ECU,P-53809,22
WC22,GHA,P-72363,11
WC22,MEX,P-80088,23
WC02,TUN,P-63935,20
WC22,ESP,P-33433,13
WC22,FRA,P-86920,24
WC14,BRA,P-94551,23
WC06,JPN,P-12376,8
WC22,ARG,P-19776,9
WC06,USA,P-97784,7
WC22,SEN,P-90626,4
WC22,ARG,P-42113,11
WC06,ENG,P-86227,20
WC22,FRA,P-03945,18
WC14,USA,P-51653,19
WC06,MEX,P-34636,8
WC18,SWE,P-08312,22
WC22,FRA,P-90908,7
WC02,ESP,P-38878,21
WC22,GHA,P-20467,24
WC10,JPN,P-16260,14
WC14,AUS,P-95590,19
WC18,SEN,P-79299,10
WC06,GHA,P-49882,9
WC10,BRA,P-42918,3
WC06,ESP,P-29415,8
WC02,BRA,P-02795,12
WC06,CZE,P-44775,16
WC10,NZL,P-92939,13
WC06,FRA,P-23315,19
WC06,USA,P-92673,19
WC18,TUN,P-62629,2
WC02,BEL,P-88716,19
WC14,COL,P-83216,11
WC18,IRN,P-09113,20
WC02,MEX,P-98036,7
WC14,AUS,P-84412,11
WC06,ENG,P-81049,7
WC22,CAN,P-28794,7
WC06,JPN,P-65411,2
WC18,ARG,P-17853,23
WC10,KOR,P-47809,11
WC22,AUS,P-97422,8
WC22,BRA,P-87008,10
WC18,AUS,P-95847,13
WC22,TUN,P-42223,10
WC14,MEX,P-21208,15
WC22,IRN,P-75785,3
WC22,AUS,P-34822,22
WC06,CIV,P-97294,13
WC10,USA,P-01212,21
WC14,BRA,P-37372,21
WC14,AUS,P-77996,16
WC02,SEN,P-82601,5
WC10,NZL,P-54658,15
WC22,BRA,P-32798,3
WC02,KOR,P-83544,22
WC10,KOR,P-25724,7
WC22,BRA,P-83169,11
WC14,KOR,P-18963,23
WC06,SWE,P-06256,3
WC02,BRA,P-66308,4
WC22,BRA,P-66020,12
WC22,ARG,P-10739,24
WC02,ARG,P-00065,10
WC10,JPN,P-46091,3
WC10,FRA,P-57240,21
WC18,MAR,P-58822,15
WC18,PAN,P-76850,7
WC10,AUS,P-37275,15
WC14,FRA,P-01560,16
WC06,BRA,P-47627,13
WC18,TUN,P-12859,15
WC14,BRA,P-41422,1
WC06,ENG,P-51130,10
WC06,CIV,P-12127,12
WC22,KOR,P-93920,10
WC22,CAN,P-65386,6
WC14,ENG,P-64443,1
WC22,MEX,P-96510,6
WC14,KOR,P-28296,4
WC10,MEX,P-80826,13
WC22,USA,P-68131,19
WC06,USA,P-80859,9
WC02,MEX,P-50893,2
WC02,JPN,P-04785,18
WC10,MEX,P-98210,19
WC06,ENG,P-77532,21
WC06,ITA,P-22378,16
WC22,KOR,P-88360,22
WC14,MEX,P-40312,18
WC10,GHA,P-09728,10
WC14,FRA,P-45182,22
WC22,TUN,P-32803,16
WC22,ESP,P-68218,12
WC06,KOR,P-94594,2
WC14,ESP,P-81297,10
WC06,IRN,P-55405,13
WC22,KOR,P-77335,7
WC02,BRA,P-91718,2
WC22,ENG,P-15674,22
WC14,GHA,P-24689,16
WC02,ECU,P-03128,9
WC14,ECU,P-29870,21
WC22,ECU,P-49934,6
WC14,AUS,P-84486,23
WC10,ENG,P-16073,20
WC02,USA,P-92064,22
WC02,ESP,P-61793,1
WC22,FRA,P-97778,11
WC02,SWE,P-45212,10
WC02,TUR,P-44850,5
WC06,FRA,P-00916,11
WC14,ITA,P-35850,6
WC14,ESP,P-02231,19
WC02,ARG,P-53716,8
WC18,AUS,P-11675,18
WC22,MAR,P-59033,17
WC10,ENG,P-71420,6
WC02,BEL,P-33197,21
WC06,IRN,P-60564,17
WC06,ESP,P-71661,9
WC18,TUN,P-21962,14
WC22,BRA,P-02305,5
WC14,MEX,P-57865,9
WC02,ENG,P-53590,4
WC02,FRA,P-55991,16
WC18,TUN,P-39664,21
WC06,ECU,P-90857,15
WC06,FRA,P-43681,21
WC18,JPN,P-89321,22
WC10,ENG,P-48335,17
WC02,SEN,P-16046,13
WC10,ITA,P-22378,16
WC06,ENG,P-91486,14
WC18,IRN,P-20998,1
WC22,FRA,P-92987,12
WC18,MAR,P-87199,18
WC14,BRA,P-37239,11
WC14,JPN,P-36964,10
WC14,ARG,P-14758,10
WC22,FRA,P-89750,9
WC18,PAN,P-06696,11
WC22,ECU,P-62543,17
WC02,SEN,P-58665,22
WC02,ESP,P-24963,11
WC14,IRN,P-20969,14
WC26,ESP,P-81427,22
WC26,BRA,P-09441,13
WC26,GHA,P-72363,11
WC26,FRA,P-42326,4
WC26,ENG,P-76287,16
WC26,KOR,P-04157,21
WC26,BRA,P-77071,15
WC26,TUN,P-73455,3
WC26,MEX,P-73491,25
WC26,JPN,P-26303,5
WC26,GHA,P-20467,24
WC26,ECU,P-96347,2
WC26,QAT,P-70879,1
WC26,IRN,P-98747,15
WC26,KOR,P-94500,25
WC26,ARG,P-35173,3
WC26,KOR,P-87514,18
WC26,BEL,P-64049,5
WC26,KOR,P-88529,2
WC26,ECU,P-75912,13
WC26,AUS,P-95847,13
WC26,FRA,P-91324,3
WC26,ENG,P-76842,17
WC26,ECU,P-02839,26
WC26,MEX,P-24705,22
WC26,USA,P-68131,19
WC26,BRA,P-55590,14
WC26,IRN,P-17784,12
WC26,ECU,P-75628,5
WC26,ENG,P-05318,18
WC26,JPN,P-41902,26
WC26,MAR,P-59033,17
WC26,AUS,P-11675,18
WC26,MEX,P-81433,21
WC26,QAT,P-33804,14
WC14,CIV,P-33115,21
WC18,MEX,P-21208,15
WC22,AUS,P-09062,3
WC02,BRA,P-64377,1
WC22,BEL,P-81997,20
WC14,USA,P-45750,15
WC06,ECU,P-51733,9
WC22,FRA,P-07089,17
WC18,BRA,P-37877,20
WC02,ESP,P-71130,10
WC10,KOR,P-61550,15
WC14,FRA,P-89750,9
WC22,KOR,P-04157,21
WC06,IRN,P-02909,3
WC14,JPN,P-62769,3
WC22,SEN,P-86095,12
WC14,ESP,P-52217,12
WC06,SWE,P-35312,5
WC22,ARG,P-37314,7
WC10,MEX,P-02461,8
WC18,COL,P-38594,23
WC22,JPN,P-56398,19
WC22,ENG,P-50034,21
WC14,ENG,P-50943,11
WC18,MAR,P-50688,1
WC18,ENG,P-92628,5
WC10,BRA,P-25449,21
WC22,USA,P-35320,17
WC02,KOR,P-25724,21
WC14,FRA,P-04964,14
WC18,BRA,P-92004,9
WC10,USA,P-48341,19
WC14,IRN,P-85324,16
WC06,BRA,P-85176,6
WC22,MAR,P-80656,23
WC22,AUS,P-82010,23
WC02,JPN,P-35882,13
WC22,MEX,P-64182,10
WC02,ARG,P-26200,15
WC22,ESP,P-31301,11
WC02,SWE,P-47401,23
WC22,BRA,P-76060,4
WC02,ARG,P-62209,11
WC22,TUN,P-49094,20
WC22,IRN,P-98747,15
WC22,JPN,P-53272,1
WC06,IRN,P-13809,15
WC22,KOR,P-94500,25
WC18,TUN,P-94563,8
WC14,FRA,P-90908,11
WC10,CIV,P-30753,1
WC18,BEL,P-84852,14
WC22,ECU,P-34543,10
WC02,ESP,P-03307,20
WC22,KOR,P-87514,18
WC02,BRA,P-42918,3
WC14,BRA,P-54042,9
WC18,KOR,P-91889,14
WC10,MEX,P-98486,5
WC14,ECU,P-75912,13
WC22,AUS,P-67089,25
WC22,KOR,P-88529,2
WC18,TUN,P-25989,16
WC06,CZE,P-81477,9
WC02,USA,P-34695,2
WC14,COL,P-99957,14
WC10,JPN,P-85824,15
WC06,ECU,P-05227,19
WC06,CZE,P-65749,17
WC14,ITA,P-92874,3
WC18,SWE,P-04686,10
WC18,FRA,P-71285,20
WC06,ARG,P-66229,5
WC22,MAR,P-70715,7
WC18,BRA,P-84301,3
WC10,NZL,P-53863,7
WC14,CIV,P-54100,20
WC22,BEL,P-70547,2
WC18,FRA,P-64077,10
WC10,FRA,P-84312,20
WC18,COL,P-74655,9
WC22,ESP,P-16333,4
WC22,AUS,P-88273,4
WC22,ENG,P-08169,8
WC10,CIV,P-33586,10
WC22,GHA,P-21820,21
WC18,PAN,P-24760,20
WC18,AUS,P-59727,2
WC06,TUN,P-96363,4
WC18,MEX,P-40312,18
WC18,MEX,P-57865,9
WC14,COL,P-77916,23
WC18,IRN,P-47137,23
WC22,MEX,P-64299,14
WC06,FRA,P-66615,13
WC02,ENG,P-94825,17
WC10,JPN,P-77277,10
WC02,KOR,P-72495,11
WC22,SEN,P-66635,10
WC14,ECU,P-33117,6
WC22,ESP,P-62341,16
WC06,SWE,P-19165,14
WC14,MEX,P-03287,5
WC18,IRN,P-26022,13
WC14,AUS,P-35837,7
WC10,JPN,P-28659,13
WC06,IRN,P-43423,18
WC14,JPN,P-90491,13
WC14,BEL,P-84852,14
WC18,ESP,P-11593,16
WC18,SEN,P-44044,20
WC02,SEN,P-81968,3
WC06,CZE,P-91280,21
WC22,FRA,P-54517,8
WC18,ESP,P-64348,3
WC22,IRN,P-17784,12
WC06,KOR,P-22338,14
WC18,JPN,P-02595,11
WC02,JPN,P-79993,21
WC22,QAT,P-12810,16
WC10,MEX,P-77047,17
WC22,ARG,P-27582,5
WC06,KOR,P-55485,23
WC10,CIV,P-19801,9
WC10,ENG,P-95616,16
WC02,ARG,P-02174,13
WC18,MAR,P-54550,3
WC18,ARG,P-73712,8
WC10,CIV,P-59702,17
WC06,ITA,P-57529,20
WC14,ARG,P-38647,6
WC14,JPN,P-26303,5
WC10,NZL,P-26059,21
WC14,BEL,P-03735,16
WC06,JPN,P-90430,22
WC14,FRA,P-30652,23
WC10,JPN,P-33175,18
WC02,BEL,P-44716,23
WC14,FRA,P-72916,3
WC22,ECU,P-11495,15
WC10,USA,P-56817,12
WC02,ECU,P-98031,3
WC10,MEX,P-68042,11
WC14,AUS,P-77068,6
WC06,ENG,P-65534,8
WC06,ECU,P-27162,22
WC26,SEN,P-86937,7
WC26,JPN,P-30206,25
WC26,ESP,P-46898,17
WC26,ESP,P-37294,8
WC26,USA,P-35320,17
WC26,MAR,P-80656,23
WC26,JPN,P-57586,21
WC26,AUS,P-30596,12
WC26,FRA,P-57401,14
WC26,IRN,P-75785,3
WC26,BEL,P-61810,22
WC26,ENG,P-22844,24
WC26,BRA,P-40137,2
WC26,MAR,P-70715,7
WC26,BEL,P-29578,25
WC26,ENG,P-46540,26
WC26,GHA,P-21820,21
WC26,JPN,P-64056,24
WC26,CAN,P-61949,16
WC26,KOR,P-93920,10
WC26,AUS,P-59727,2
WC26,CAN,P-83822,12
WC26,BRA,P-74688,17
WC26,BEL,P-56669,26
WC26,ESP,P-24897,26
WC26,KOR,P-88360,22
WC26,MEX,P-19618,8
WC26,QAT,P-90689,4
WC26,KOR,P-77335,7
WC26,JPN,P-46913,18
WC26,CAN,P-72399,14
WC22,GHA,P-82956,18
WC18,TUN,P-03191,3
WC06,GHA,P-52437,7
WC14,ENG,P-65534,8
WC06,KOR,P-50318,20
WC22,IRN,P-74098,5
WC10,ITA,P-18164,8
WC22,BEL,P-22930,15
WC02,BRA,P-74261,10
WC02,BEL,P-03447,10
WC22,GHA,P-01945,10
WC06,AUS,P-84486,23
WC22,MAR,P-50688,1
WC02,BEL,P-48592,1
WC10,ENG,P-41152,15
WC06,GHA,P-51458,23
WC14,USA,P-20244,3
WC10,CIV,P-08544,3
WC02,ECU,P-86943,18
WC14,ITA,P-16785,9
WC06,CIV,P-58634,10
WC02,ESP,P-23800,8
WC02,TUR,P-79130,4
WC06,GHA,P-97589,16
WC06,BRA,P-52008,5
WC06,TUN,P-33293,7
WC06,FRA,P-18830,7
WC10,GHA,P-56448,15
WC06,FRA,P-56430,10
WC14,IRN,P-82054,19
WC22,KOR,P-57511,20
WC06,CZE,P-69743,4
WC06,ITA,P-18164,8
WC02,TUN,P-72780,7
WC10,AUS,P-84486,23
WC10,KOR,P-30708,13
WC18,TUN,P-47815,17
WC02,ENG,P-37933,19
WC10,CIV,P-44934,19
WC22,ARG,P-92353,15
WC06,ESP,P-63942,2
WC18,TUN,P-11879,11
WC06,BRA,P-87223,18
WC02,TUR,P-46497,21
WC02,SEN,P-91308,18
WC18,MAR,P-46039,11
WC10,GHA,P-93750,8
WC14,MEX,P-77489,21
WC14,IRN,P-70046,11
WC06,CIV,P-93241,15
WC06,ENG,P-24015,23
WC18,MAR,P-53270,5
WC22,MEX,P-26412,7
WC10,ESP,P-24647,2
WC02,SEN,P-35460,20
WC14,IRN,P-82213,2
WC18,SWE,P-89934,11
WC18,MAR,P-70715,7
WC06,USA,P-02842,23
WC10,CIV,P-99466,11
WC22,GHA,P-23821,20
WC22,FRA,P-84424,21
WC06,BRA,P-30363,16
WC06,CZE,P-29090,10
WC18,MEX,P-83642,19
WC06,ECU,P-75905,13
WC14,ARG,P-60541,1
WC10,ARG,P-42113,7
WC22,USA,P-74007,14
WC18,FRA,P-71816,22
WC22,ESP,P-60716,2
WC14,CIV,P-07076,14
WC06,ESP,P-73924,14
WC22,BRA,P-40137,2
WC14,ARG,P-77063,14
WC10,ENG,P-59324,1
WC14,AUS,P-37275,15
WC18,ESP,P-97275,11
WC06,BRA,P-74340,15
WC02,SEN,P-27229,2
WC10,KOR,P-06608,10
WC02,KOR,P-46519,10
WC22,ENG,P-21153,7
WC02,KOR,P-15222,18
WC22,QAT,P-93316,24
WC02,SWE,P-06256,2
WC06,CZE,P-64760,11
WC22,ENG,P-89070,13
WC22,MAR,P-90423,9
WC14,KOR,P-13271,3
WC14,JPN,P-53076,20
WC06,BRA,P-37735,19
WC22,MAR,P-05216,21
WC18,JPN,P-28595,2
WC22,ESP,P-92513,1
WC02,MEX,P-76755,19
WC22,MAR,P-48295,14
WC06,ARG,P-19888,9
WC02,TUN,P-44011,23
WC18,JPN,P-36278,13
WC22,BRA,P-74688,17
WC14,KOR,P-29447,14
WC22,FRA,P-60652,2
WC06,FRA,P-98022,17
WC22,AUS,P-61979,11
WC06,CZE,P-54533,22
WC22,SEN,P-55298,21
WC22,GHA,P-92252,8
WC06,USA,P-71080,11
WC06,SWE,P-45212,20
WC14,MEX,P-22756,23
WC14,ARG,P-27419,18
WC06,MEX,P-77467,16
WC18,COL,P-94838,1
WC06,GHA,P-27915,21
WC18,KOR,P-15736,9
WC06,CZE,P-40666,7
WC22,ECU,P-69217,24
WC06,TUN,P-66577,16
WC22,FRA,P-23304,13
WC06,ENG,P-17428,17
WC06,AUS,P-92892,17
WC22,BEL,P-10313,12
WC06,CIV,P-92316,21
WC14,ARG,P-69606,3
WC22,ARG,P-39788,1
WC06,FRA,P-96540,4
WC06,CZE,P-07338,23
WC22,MEX,P-49806,24
WC14,BRA,P-93619,13
WC10,ENG,P-43764,2
WC06,MEX,P-40312,18
WC10,JPN,P-46807,20
WC02,USA,P-60597,20
WC22,AUS,P-51406,14
WC22,TUN,P-38981,12
WC02,ENG,P-10663,9
WC14,JPN,P-75667,11
WC06,USA,P-87765,22
WC14,USA,P-91438,16
WC18,SEN,P-55140,8
WC02,ESP,P-20643,4
WC06,GHA,P-12805,8
WC02,ENG,P-34406,23
WC18,AUS,P-58540,6
WC18,COL,P-14499,20
WC22,ARG,P-23070,25
WC14,GHA,P-50641,11
WC14,JPN,P-41027,16
WC22,JPN,P-89321,22
WC14,ECU,P-43280,4
WC22,GHA,P-53967,19
WC06,USA,P-12548,3
WC06,GHA,P-70474,19
WC02,BEL,P-69659,7
WC02,MEX,P-21495,8
WC18,EGY,P-44093,7
WC02,TUR,P-65298,18
WC18,AUS,P-61256,9
WC14,ESP,P-89177,15
WC02,ENG,P-03723,21
WC14,JPN,P-42018,8
WC18,ARG,P-29398,9
WC10,USA,P-88370,11
WC14,JPN,P-28762,12
WC02,ECU,P-32567,6
WC18,KOR,P-51199,3
WC22,GHA,P-16148,12
WC10,NZL,P-76440,16
WC14,ESP,P-47597,13
WC14,FRA,P-08834,13
WC14,ENG,P-20585,6
WC14,MEX,P-36515,14
WC06,FRA,P-30652,1
WC14,JPN,P-81377,19
WC02,KOR,P-26616,19
WC26,GHA,P-82956,18
WC26,ECU,P-13973,19
WC26,IRN,P-15905,19
WC26,GHA,P-01945,10
WC26,MAR,P-50688,1
WC26,ECU,P-06545,14
WC26,QAT,P-01930,19
WC26,AUS,P-64249,17
WC26,BEL,P-72011,10
WC26,BRA,P-76060,4
WC26,CAN,P-28794,7
WC26,SEN,P-37001,25
WC26,QAT,P-01258,3
WC26,GHA,P-23821,20
WC26,TUN,P-25741,7
WC26,ARG,P-10231,17
WC26,BEL,P-61413,4
WC26,USA,P-74007,14
WC26,SEN,P-11718,2
WC26,TUN,P-21865,11
WC26,AUS,P-24134,5
WC26,QAT,P-95754,12
WC26,ARG,P-84430,26
WC26,MAR,P-90423,9
WC26,ESP,P-49008,14
WC26,TUN,P-11346,9
WC26,MAR,P-05216,21
WC26,CAN,P-65386,6
WC26,MAR,P-48295,14
WC26,QAT,P-47319,11
WC26,GHA,P-92252,8
WC26,BEL,P-73834,19
WC26,ARG,P-13162,23
WC26,MEX,P-42911,16
WC26,MEX,P-80826,13
WC26,QAT,P-51678,8
WC26,ARG,P-91431,4
WC26,KOR,P-14360,4
WC26,GHA,P-53967,19
WC26,QAT,P-63532,23
WC26,KOR,P-10357,17
WC26,GHA,P-16148,12
WC26,MEX,P-24062,19
WC26,FRA,P-35408,19
WC26,IRN,P-04541,16
WC18,IRN,P-84406,21
WC14,BEL,P-63363,8
WC06,CZE,P-56023,8
WC18,PAN,P-76368,23
WC18,ESP,P-44334,23
WC22,SEN,P-86937,7
WC18,BEL,P-22930,15
WC18,IRN,P-87786,14
WC22,ENG,P-76287,16
WC06,FRA,P-56947,15
WC02,BEL,P-17071,2
WC18,ESP,P-76837,12
WC14,CIV,P-19801,9
WC06,ARG,P-27047,12
WC02,TUR,P-37782,6
WC02,USA,P-76191,1
WC10,ITA,P-36764,13
WC22,FRA,P-64077,10
WC14,KOR,P-16139,7
WC02,BEL,P-94736,3
WC10,JPN,P-91793,17
WC14,CIV,P-33586,10
WC06,ESP,P-24556,7
WC02,ITA,P-57378,6
WC22,TUN,P-27079,21
WC06,BRA,P-02795,1
WC14,CIV,P-10731,15
WC06,IRN,P-18605,1
WC22,TUN,P-09569,18
WC02,BEL,P-12777,13
WC02,ESP,P-76612,17
WC14,COL,P-95402,7
WC18,KOR,P-37612,20
WC06,ESP,P-15314,4
WC10,FRA,P-94643,4
WC02,KOR,P-37114,8
WC06,GHA,P-77757,18
WC10,JPN,P-53272,21
WC14,COL,P-14499,20
WC22,CAN,P-31806,4
WC10,JPN,P-84807,9
WC22,ARG,P-81505,22
WC18,BEL,P-63363,8
WC06,ESP,P-81297,18
WC02,JPN,P-46807,5
WC18,AUS,P-20087,14
WC14,ESP,P-35157,5
WC22,TUN,P-82657,22
WC06,CIV,P-14175,9
WC18,BEL,P-10313,12
WC02,SWE,P-53821,5
WC02,MEX,P-87592,3
WC18,FRA,P-17174,3
WC22,IRN,P-28492,24
WC22,KOR,P-67516,6
WC06,BRA,P-91718,2
WC22,KOR,P-32599,8
WC18,SEN,P-44035,1
WC18,MAR,P-15199,13
WC14,CIV,P-23169,6
WC06,KOR,P-20248,19
WC02,MEX,P-45941,15
WC06,FRA,P-55659,22
WC06,TUN,P-76769,15
WC14,ESP,P-28010,16
WC22,IRN,P-80505,22
WC02,FRA,P-80680,6
WC02,SWE,P-68329,15
WC22,GHA,P-31765,9
WC06,KOR,P-06608,10
WC06,TUN,P-82870,6
WC02,ARG,P-60203,7
WC14,CIV,P-30753,1
WC22,ENG,P-76842,17
WC18,ARG,P-95278,13
WC18,ESP,P-52837,7
WC18,IRN,P-98775,18
WC10,USA,P-71113,2
WC06,ITA,P-42227,19
WC14,FRA,P-91114,21
WC10,USA,P-97258,4
WC10,JPN,P-15134,11
WC10,ITA,P-75306,10
WC06,SWE,P-44340,15
WC14,COL,P-94838,1
WC18,PAN,P-91455,4
WC10,JPN,P-61292,7
WC18,ENG,P-06851,16
WC06,KOR,P-56626,11
WC06,AUS,P-06384,12
WC18,KOR,P-77335,7
WC18,SWE,P-73907,21
WC02,KOR,P-66219,15
WC22,IRN,P-62858,25
WC18,ESP,P-09400,20
WC06,MEX,P-73255,10
WC06,ITA,P-55511,13
WC10,GHA,P-06223,20
WC14,JPN,P-27263,6
WC06,ECU,P-17733,7
WC02,ENG,P-93674,13
WC22,ESP,P-94271,23
WC14,ESP,P-29415,8
WC02,TUR,P-31566,22
WC18,AUS,P-91329,11
WC14,MEX,P-77419,20
WC10,ITA,P-11109,2
WC18,JPN,P-23371,15
WC22,ENG,P-05318,18
WC02,BEL,P-28883,5
WC22,ECU,P-16576,9
WC14,MEX,P-01835,22
WC06,SWE,P-85432,8
WC02,ITA,P-68818,11
WC06,ITA,P-83836,7
WC22,IRN,P-68842,18
WC02,BEL,P-12842,15
WC18,AUS,P-35837,7
WC18,KOR,P-93920,17
WC14,USA,P-97258,4
WC14,COL,P-77705,9
WC10,ARG,P-05459,12
WC14,ESP,P-71661,9
WC18,MAR,P-46107,9
WC14,BEL,P-10313,12
WC06,ARG,P-77063,8
WC02,SWE,P-84022,9
WC22,CAN,P-46358,19
WC22,JPN,P-45981,2
WC02,USA,P-88043,5
WC06,GHA,P-79316,14
WC10,MEX,P-44438,21
WC14,ECU,P-05227,19
WC06,ARG,P-27419,14
WC10,ITA,P-42227,19
WC02,USA,P-43736,19
WC18,ENG,P-58924,9
WC10,GHA,P-29011,16
WC26,IRN,P-24531,11
WC26,ECU,P-94877,22
WC26,SEN,P-86095,12
WC26,IRN,P-97838,4
WC26,FRA,P-78484,5
WC26,BRA,P-21531,1
WC26,JPN,P-82447,17
WC26,BRA,P-92812,20
WC26,MEX,P-36212,3
WC26,KOR,P-61172,13
WC26,GHA,P-31765,9
WC26,AUS,P-05864,21
WC26,ARG,P-73712,8
WC26,AUS,P-35837,7
WC26,SEN,P-66635,10
WC26,ENG,P-15674,22
WC26,ARG,P-03265,18
WC26,BRA,P-15197,25
WC26,ESP,P-99025,24
WC26,BRA,P-74941,8
WC26,FRA,P-30711,1
WC26,TUN,P-81706,4
WC26,KOR,P-91889,14
WC26,QAT,P-38732,10
WC26,AUS,P-20087,9
WC10,NZL,P-48947,23
WC14,BEL,P-70547,2
WC18,KOR,P-34018,18
WC18,PAN,P-77892,13
WC18,BEL,P-70547,2
WC22,JPN,P-44328,20
WC14,MEX,P-11191,2
WC06,IRN,P-64146,16
WC22,JPN,P-66906,12
WC06,ITA,P-65802,4
WC02,USA,P-91976,17
WC22,ESP,P-88433,9
WC10,ARG,P-49114,15
WC18,EGY,P-74320,19
WC18,EGY,P-37703,9
WC18,FRA,P-60652,2
WC06,MEX,P-87592,20
WC22,TUN,P-73455,3
WC22,QAT,P-97800,6
WC10,GHA,P-39956,21
WC10,ENG,P-42890,19
WC22,MEX,P-40312,18
WC14,CIV,P-99466,11
WC10,ITA,P-99537,21
WC10,ARG,P-14758,10
WC06,ESP,P-83711,10
WC22,MEX,P-96662,12
WC14,GHA,P-12805,5
WC22,ARG,P-00652,2
WC14,ENG,P-56280,5
WC06,KOR,P-61550,3
WC22,GHA,P-33325,22
WC10,ITA,P-57248,23
WC10,ESP,P-51931,12
WC02,ESP,P-24556,7
WC22,ECU,P-96347,2
WC06,KOR,P-83544,22
WC02,ESP,P-19229,2
WC06,AUS,P-24935,6
WC22,CAN,P-32574,8
WC22,ENG,P-59837,11
WC10,BRA,P-30363,16
WC14,ECU,P-52676,3
WC14,ECU,P-33089,9
WC02,SEN,P-64668,23
WC10,FRA,P-09884,14
WC14,GHA,P-43176,2
WC14,ITA,P-61270,18
WC18,SWE,P-26943,1
WC10,ITA,P-65802,6
WC02,MEX,P-88428,10
WC02,TUN,P-15858,8
WC18,JPN,P-11411,12
WC22,USA,P-75522,15
WC14,USA,P-78024,18
WC02,SWE,P-74139,19
WC22,SEN,P-37001,25
WC10,ARG,P-56532,4
WC02,ARG,P-83403,2
WC14,KOR,P-03869,8
WC18,AUS,P-37275,15
WC22,BRA,P-21531,1
WC10,ITA,P-47246,7
WC22,ECU,P-75912,13
WC18,SWE,P-46506,18
WC06,AUS,P-60008,14
WC18,EGY,P-86080,23
WC22,BRA,P-92812,20
WC02,ARG,P-31684,4
WC10,KOR,P-88939,18
WC14,KOR,P-64718,12
WC22,USA,P-25925,20
WC22,JPN,P-68429,16
WC02,JPN,P-95259,16
WC22,CAN,P-85670,15
WC22,SEN,P-11718,2
WC02,ECU,P-28455,8
WC10,KOR,P-32822,19
WC14,CIV,P-44934,19
WC06,GHA,P-50641,11
WC22,BEL,P-84852,14
WC22,MAR,P-86644,26
WC10,USA,P-18672,8
WC10,ENG,P-99967,10
WC02,KOR,P-55097,20
WC06,USA,P-58649,4
WC14,CIV,P-08544,3
WC02,JPN,P-96566,11
WC06,IRN,P-16154,21
WC22,ECU,P-02839,26
WC02,TUN,P-47506,17
WC18,COL,P-26542,3
WC02,TUR,P-63089,8
WC06,FRA,P-51395,12
WC06,ITA,P-99537,21
WC22,AUS,P-82945,10
WC06,IRN,P-55739,22
WC14,ENG,P-87661,12
WC18,ENG,P-25937,12
WC22,GHA,P-12913,2
WC22,CAN,P-46263,18
WC14,AUS,P-73512,20
WC18,TUN,P-77301,18
WC06,SWE,P-07148,22
WC22,MEX,P-21208,15
WC18,SWE,P-30993,6
WC18,TUN,P-90867,13
WC10,ITA,P-06005,17
WC06,ITA,P-26539,6
WC02,ENG,P-00447,20
WC02,FRA,P-74065,21
WC18,FRA,P-84424,21
WC02,USA,P-78068,15
WC10,NZL,P-84524,19
WC18,SWE,P-08714,23
WC22,BEL,P-95312,17
WC22,MEX,P-57865,9
WC18,MEX,P-64299,5
WC10,ESP,P-05758,20
WC18,EGY,P-96547,18
WC22,ECU,P-75628,5
WC14,ESP,P-61793,1
WC06,ECU,P-54675,6
WC06,GHA,P-25083,15
WC14,ITA,P-99163,4
WC14,ESP,P-01416,18
WC06,ESP,P-56330,13
WC10,GHA,P-81778,22
WC06,MEX,P-10860,14
WC22,GHA,P-62854,7
WC22,BRA,P-15197,25
WC18,ESP,P-60554,17
WC10,CIV,P-64945,23
WC02,KOR,P-42690,23
WC18,IRN,P-53957,10
WC22,BRA,P-74941,8
WC10,FRA,P-69530,2
WC10,AUS,P-60008,11
WC14,ESP,P-98074,20
WC06,ITA,P-96512,9
WC22,KOR,P-07259,19
WC14,USA,P-18672,8
WC02,USA,P-49219,16
WC02,KOR,P-17666,3
WC14,GHA,P-66316,9
WC22,ENG,P-84787,4
WC18,BRA,P-49997,8
WC18,ENG,P-70618,1
WC14,ARG,P-58741,19
WC18,ESP,P-51443,13
WC02,KOR,P-96267,7
WC18,MEX,P-09951,6
WC02,SEN,P-05029,9
WC10,BRA,P-94551,2
WC18,ENG,P-02465,6
WC14,USA,P-71933,23
WC18,SWE,P-10221,20
WC26,FRA,P-69594,16
WC26,ARG,P-40147,14
WC26,CAN,P-49915,24
WC26,BEL,P-21652,18
WC26,GHA,P-33325,22
WC26,JPN,P-35225,4
WC26,USA,P-75522,15
WC26,TUN,P-42223,10
WC26,AUS,P-53409,24
WC26,USA,P-25925,20
WC26,IRN,P-45653,17
WC26,MAR,P-86644,26
WC26,CAN,P-35706,10
WC26,ENG,P-74071,2
WC26,AUS,P-91029,15
WC26,ENG,P-62368,23
WC26,GHA,P-12913,2
WC26,SEN,P-55298,21
WC26,TUN,P-32803,16
WC26,BEL,P-48955,7
WC26,ECU,P-49934,6
WC26,QAT,P-00052,2
WC26,GHA,P-62854,7
WC26,MEX,P-95198,17
WC26,ENG,P-31219,15
WC26,QAT,P-22110,25
WC26,ENG,P-90012,19
WC26,ENG,P-21553,10
WC26,ECU,P-62543,17
WC02,SEN,P-42976,12
WC06,TUN,P-54768,17
WC06,KOR,P-95122,1
WC10,CIV,P-55581,13
WC18,TUN,P-14196,7
WC18,KOR,P-26051,4
WC14,ITA,P-26539,15
WC14,IRN,P-00111,7
WC18,ENG,P-84745,21
WC18,IRN,P-75785,3
WC06,SWE,P-42895,11
WC10,ARG,P-28014,19
WC22,QAT,P-01930,19
WC18,BRA,P-89248,23
WC18,BRA,P-70650,12
WC02,TUN,P-87702,12
WC18,ARG,P-49114,17
WC06,MEX,P-86098,15
WC22,USA,P-85878,7
WC02,ECU,P-92146,4
WC22,AUS,P-64249,17
WC02,ENG,P-81049,7
WC14,FRA,P-67129,17
WC18,MEX,P-05120,1
WC02,MEX,P-44763,4
WC10,CIV,P-19422,2
WC02,TUN,P-32986,19
WC06,KOR,P-07865,4
WC14,ITA,P-65802,16
WC02,FRA,P-62062,5
WC22,IRN,P-09113,20
WC22,JPN,P-62952,15
WC14,ITA,P-57248,19
WC18,PAN,P-09945,10
WC22,TUN,P-45680,25
WC10,AUS,P-14290,10
WC10,KOR,P-85453,20
WC18,JPN,P-36964,10
WC22,KOR,P-58692,11
WC18,MEX,P-44763,4
WC18,COL,P-27327,12
WC18,SWE,P-24357,19
WC22,ECU,P-44851,11
WC02,ARG,P-88203,5
WC14,COL,P-12476,17
WC18,MAR,P-26068,6
WC18,BEL,P-48955,7
WC22,ARG,P-35173,3
WC10,CIV,P-50281,12
WC22,USA,P-95273,22
WC02,ENG,P-91486,14
WC22,QAT,P-01258,3
WC14,CIV,P-75959,18
WC10,JPN,P-29462,4
WC14,IRN,P-94570,5
WC14,BEL,P-77619,17
WC14,CIV,P-48968,5
WC22,CAN,P-48340,20
WC18,ENG,P-21553,10
WC22,BEL,P-61810,22
WC10,MEX,P-36515,14
WC14,ECU,P-13321,23
WC18,ARG,P-14758,10
WC10,BRA,P-58388,10
WC18,COL,P-01505,4
WC02,MEX,P-80183,17
WC06,USA,P-59999,2
WC06,TUN,P-40581,19
WC02,ARG,P-84542,9
WC06,GHA,P-38556,3
WC14,BEL,P-69919,22
WC06,BRA,P-20372,7
WC14,BEL,P-48955,7
WC14,IRN,P-41304,13
WC22,BEL,P-29578,25
WC18,AUS,P-87852,19
WC14,CIV,P-55416,22
WC10,ENG,P-08307,21
WC14,ARG,P-72244,17
WC22,AUS,P-24134,5
WC06,AUS,P-14290,10
WC18,COL,P-17988,5
WC02,MEX,P-57272,18
WC22,QAT,P-95754,12
WC14,CIV,P-25845,16
WC22,MAR,P-52013,20
WC06,GHA,P-29967,5
WC10,CIV,P-77484,14
WC14,COL,P-01068,21
WC14,GHA,P-31813,22
WC02,ECU,P-42534,19
WC10,ENG,P-65534,8
WC14,ECU,P-39602,10
WC14,USA,P-31173,20
WC18,FRA,P-69594,16
WC02,BRA,P-20389,19
WC06,JPN,P-61292,4
WC22,TUN,P-11879,6
WC18,KOR,P-29757,21
WC22,TUN,P-47815,17
WC22,BEL,P-56669,26
WC10,USA,P-92673,23
WC22,QAT,P-47319,11
WC06,MEX,P-17445,23
WC02,FRA,P-12167,20
WC14,ARG,P-38424,23
WC10,CIV,P-77464,16
WC18,PAN,P-22016,17
WC14,ITA,P-99537,21
WC18,BEL,P-69919,22
WC06,JPN,P-15134,20
WC06,AUS,P-90087,21
WC22,BRA,P-05164,7
WC22,CAN,P-27541,21
WC22,ECU,P-39347,12
WC02,BRA,P-09454,14
WC14,ENG,P-43764,2
WC14,COL,P-61178,18
WC14,CIV,P-89713,23
WC14,JPN,P-89321,22
WC10,KOR,P-48433,16
WC22,ESP,P-99025,24
WC22,MEX,P-95198,17
WC14,USA,P-95009,5
WC22,QAT,P-51678,8
WC18,ENG,P-74071,2
WC18,JPN,P-89984,14
WC18,ESP,P-01416,18
WC06,AUS,P-26858,8
WC22,ECU,P-04237,18
WC14,IRN,P-59901,6
WC22,IRN,P-20998,1
WC06,TUN,P-09041,11
WC22,USA,P-48265,18
WC02,MEX,P-19578,11
WC06,MEX,P-80826,13
WC22,CAN,P-42390,22
WC22,QAT,P-63532,23
WC06,KOR,P-89943,15
WC14,IRN,P-07353,20
WC18,ENG,P-31219,4
WC10,ENG,P-84201,12
WC14,FRA,P-98143,12
WC02,ENG,P-51130,10
WC18,TUN,P-38981,12
WC02,ENG,P-13285,1
WC22,FRA,P-35408,19
WC06,AUS,P-59039,15
WC26,BEL,P-81997,20
WC26,JPN,P-58907,8
WC26,ARG,P-19776,9
WC26,ARG,P-42113,11
WC26,IRN,P-47137,23
WC26,MEX,P-40312,18
WC26,USA,P-85878,7
WC26,MEX,P-96662,12
WC26,ECU,P-56839,20
WC26,ENG,P-25937,12
WC26,SEN,P-53694,23
WC26,ECU,P-29713,3
WC26,IRN,P-42215,21
WC26,USA,P-95273,22
WC26,ENG,P-70618,1
WC26,FRA,P-84424,21
WC26,JPN,P-77382,3
WC26,BEL,P-70547,2
WC26,ARG,P-10739,24
WC26,QAT,P-93316,24
WC26,BRA,P-70483,26
WC26,BRA,P-06446,21
WC26,MAR,P-52013,20
WC26,JPN,P-39942,11
WC26,ENG,P-02465,6
WC26,FRA,P-60652,2
WC26,MEX,P-21208,15
WC26,AUS,P-61979,11
WC26,KOR,P-07233,15
WC26,TUN,P-57303,26
WC26,MEX,P-57865,9
WC26,FRA,P-23304,13
WC26,ESP,P-94271,23
WC26,TUN,P-69793,23
WC26,KOR,P-97485,26
WC26,AUS,P-51406,14
WC26,USA,P-48265,18
WC18,ESP,P-71071,2
WC06,SWE,P-20557,18
WC06,GHA,P-23035,17
WC10,AUS,P-07864,18
WC06,SWE,P-02115,12
WC14,JPN,P-91793,17
WC10,ESP,P-73924,14
WC06,IRN,P-20762,4
WC06,FRA,P-55991,16
WC02,BRA,P-89804,21
WC14,ECU,P-49265,16
WC02,TUR,P-21108,10
WC22,IRN,P-85860,9
WC06,ITA,P-48645,11
WC06,JPN,P-35882,13
WC06,JPN,P-17506,11
WC02,JPN,P-17348,8
WC10,JPN,P-12781,19
WC06,CZE,P-35103,6
WC14,ITA,P-60016,12
WC18,SWE,P-90129,5
WC22,CAN,P-12635,2
WC18,FRA,P-30711,1
WC02,ITA,P-42227,19
WC02,ECU,P-90857,15
WC14,CIV,P-25398,4
WC22,JPN,P-26303,5
WC18,AUS,P-10167,17
WC06,GHA,P-24586,2
WC22,USA,P-01792,12
WC10,ESP,P-64102,21
WC22,ARG,P-56659,16
WC14,JPN,P-56398,21
WC06,ECU,P-96174,14
WC18,KOR,P-48433,16
WC22,ARG,P-28151,21
WC14,BEL,P-15896,20
WC06,ESP,P-16059,19
WC18,ESP,P-28010,5
WC02,FRA,P-19907,18
WC02,TUR,P-05081,23
WC06,ENG,P-59324,13
WC22,BEL,P-72011,10
WC10,ARG,P-33570,20
WC02,ITA,P-15450,4
WC02,JPN,P-48525,22
WC22,KOR,P-92710,16
WC22,MAR,P-05265,11
WC06,ARG,P-64352,6
WC10,CIV,P-75763,20
WC14,ITA,P-01078,17
WC10,ITA,P-54694,3
WC18,AUS,P-83849,20
WC22,AUS,P-30596,12
WC10,ESP,P-78418,18
WC06,ENG,P-61216,16
WC22,FRA,P-57401,14
WC18,MEX,P-80826,13
WC22,BEL,P-61413,4
WC02,ITA,P-83836,7
WC22,MEX,P-36212,3
WC10,NZL,P-60304,1
WC14,ARG,P-18222,16
WC02,FRA,P-22876,2
WC02,BRA,P-57975,7
WC10,BRA,P-45956,8
WC22,GHA,P-36638,16
WC02,FRA,P-23315,19
WC10,ITA,P-48645,11
WC22,TUN,P-25989,1
WC14,COL,P-66638,13
WC14,JPN,P-53272,1
WC06,CIV,P-98071,18
WC06,IRN,P-74059,12
WC14,ARG,P-55451,21
WC06,SWE,P-80105,10
WC14,ECU,P-72804,2
WC22,BRA,P-70483,26
WC18,SWE,P-46890,12
WC06,ECU,P-03128,10
WC22,CAN,P-03472,13
WC18,IRN,P-04541,2
WC02,USA,P-02842,23
WC22,BRA,P-06446,21
WC14,ESP,P-44334,23
WC10,MEX,P-80043,7
WC02,BEL,P-90633,22
WC06,KOR,P-51785,5
WC02,ECU,P-37753,5
WC14,COL,P-01538,15
WC18,ARG,P-69019,15
WC02,SEN,P-01462,7
WC06,USA,P-60597,20
WC22,AUS,P-59727,2
WC02,TUR,P-49485,12
WC14,GHA,P-84116,12
WC06,MEX,P-05120,12
WC10,NZL,P-81126,6
WC14,ITA,P-60769,13
WC10,NZL,P-90145,9
WC02,ECU,P-99914,16
WC14,KOR,P-07259,5
WC22,MAR,P-26068,6
WC22,ECU,P-73694,25
WC14,GHA,P-89904,8
WC14,BRA,P-70650,6
WC22,BEL,P-73834,19
WC22,QAT,P-90689,4
WC14,ECU,P-55935,7
WC02,ITA,P-55511,13
WC10,FRA,P-82555,19
WC14,ECU,P-57715,18
WC10,USA,P-05728,10
WC22,ARG,P-71343,20
WC02,FRA,P-00916,11
WC10,ARG,P-06108,5
WC06,SWE,P-75070,2
WC02,SEN,P-62977,10
WC14,MEX,P-94928,12
WC02,SEN,P-35489,21
WC18,KOR,P-02609,12
WC18,MEX,P-42911,16
WC06,MEX,P-44763,4
WC22,JPN,P-41902,26
WC14,ENG,P-95616,17
WC02,TUR,P-98680,15
WC14,JPN,P-84807,9
WC18,IRN,P-15905,19
WC14,ENG,P-22075,20
WC22,ECU,P-56347,1
WC22,USA,P-77402,16
WC18,JPN,P-54138,8
WC10,ARG,P-60592,18
WC18,ENG,P-48480,3
WC02,SEN,P-84943,11
WC06,ARG,P-38901,7
WC14,FRA,P-42326,4
WC06,TUN,P-63068,14
WC14,ARG,P-36870,20
WC14,AUS,P-60159,22
WC22,USA,P-26367,13
WC14,ARG,P-51894,5
WC02,BEL,P-21070,16
WC06,SWE,P-42808,7
WC22,SEN,P-40621,5
WC18,BEL,P-15896,18
WC10,GHA,P-50270,6
WC14,BRA,P-11275,12
WC18,MAR,P-60872,20
WC02,TUR,P-59617,13
WC14,FRA,P-71633,5
WC14,JPN,P-61292,7
WC02,TUN,P-00640,5
WC14,MEX,P-77047,10
WC26,AUS,P-09062,3
WC26,BEL,P-22930,15
WC26,ESP,P-88433,9
WC26,FRA,P-07089,17
WC26,USA,P-01792,12
WC26,ENG,P-58924,9
WC26,TUN,P-82056,19
WC26,SEN,P-54506,14
WC26,AUS,P-82010,23
WC26,MAR,P-05265,11
WC26,ENG,P-36400,3
WC26,AUS,P-67089,25
WC26,GHA,P-36638,16
WC26,AUS,P-88273,4
WC26,KOR,P-49090,12
WC26,MAR,P-26068,6
WC26,FRA,P-54517,8
WC26,BRA,P-05164,7
WC26,BEL,P-10313,12
WC26,TUN,P-42575,15
WC26,ENG,P-95181,25
WC26,QAT,P-12810,16
WC26,USA,P-77402,16
WC26,KOR,P-82889,3
WC26,KOR,P-66969,23
WC26,USA,P-26367,13
WC26,KOR,P-42523,1
WC18,BEL,P-73834,23
WC14,ARG,P-39810,15
WC14,IRN,P-05990,8
WC02,TUN,P-56293,22
WC22,FRA,P-69594,16
WC10,ARG,P-29398,9
WC02,SWE,P-30568,16
WC18,BRA,P-32798,2
WC18,MAR,P-42517,19
WC02,KOR,P-60562,13
WC18,ESP,P-89177,15
WC14,BRA,P-09441,2
WC18,SEN,P-93828,2
WC18,SEN,P-38799,7
WC10,NZL,P-10960,3
WC06,CIV,P-67250,8
WC22,ESP,P-46898,17
WC06,AUS,P-36196,22
WC06,CZE,P-86056,2
WC14,AUS,P-12111,2
WC06,USA,P-88043,5
WC10,ESP,P-81297,10
WC22,TUN,P-48887,8
WC22,TUN,P-90867,13
WC22,ESP,P-37294,8
WC10,CIV,P-04746,6
WC14,GHA,P-05368,23
WC22,TUN,P-22128,2
WC10,BRA,P-79283,20
WC22,SEN,P-53694,23
WC14,ENG,P-99967,10
WC22,JPN,P-86909,14
WC22,USA,P-59571,6
WC06,IRN,P-20969,14
WC18,SEN,P-47321,3
WC14,GHA,P-38556,3
WC02,ENG,P-16557,3
WC06,MEX,P-97434,3
WC02,JPN,P-34956,2
WC10,CIV,P-55416,22
WC10,ARG,P-29080,11
WC14,BEL,P-72011,10
WC10,ARG,P-62209,8
WC06,ITA,P-14267,2
WC22,KOR,P-05917,24
WC18,ARG,P-42113,11
WC02,SEN,P-82212,19
WC02,MEX,P-89297,6
WC10,FRA,P-04469,3
WC06,AUS,P-44926,4
WC22,AUS,P-53409,24
WC02,JPN,P-64961,6
WC02,ESP,P-70144,22
WC02,JPN,P-49610,4
WC14,ENG,P-08169,14
WC06,BRA,P-58388,8
WC06,TUN,P-08678,21
WC18,PAN,P-80905,22
WC14,ITA,P-32717,5
WC02,ECU,P-30306,20
WC18,BEL,P-72011,10
WC06,TUN,P-27618,9
WC02,TUR,P-61478,1
WC02,MEX,P-92932,12
WC22,IRN,P-84382,2
WC22,CAN,P-89710,5
WC22,ARG,P-36188,12
WC02,ITA,P-18164,8
WC10,MEX,P-11191,2
WC10,FRA,P-42706,11
WC06,JPN,P-77277,10
WC10,USA,P-09461,22
WC22,AUS,P-91029,15
WC02,ITA,P-01311,20
WC10,CIV,P-48968,5
WC14,JPN,P-66906,23
WC18,SEN,P-37935,18
WC14,GHA,P-04420,4
WC06,JPN,P-56897,9
WC18,IRN,P-23272,15
WC18,SWE,P-82967,9
WC18,BRA,P-87008,10
WC22,MAR,P-23330,15
WC02,BRA,P-62722,9
WC22,ESP,P-24897,26
WC10,AUS,P-36196,20
WC06,JPN,P-95259,6
WC06,SWE,P-62207,19
WC02,ENG,P-97840,6
WC10,CIV,P-63253,7
WC10,JPN,P-90430,22
WC18,MEX,P-96694,17
WC14,IRN,P-32139,22
WC06,ESP,P-51440,20
WC22,ECU,P-82216,23
WC06,BRA,P-01939,12
WC14,MEX,P-36687,8
WC22,ECU,P-22286,4
WC22,QAT,P-00052,2
WC18,SEN,P-15988,17
WC06,ENG,P-66658,2
WC18,SWE,P-74946,7
WC22,MEX,P-42911,16
WC22,MEX,P-80826,13
WC14,BRA,P-86499,16
WC10,BRA,P-98528,9
WC14,CIV,P-42905,7
WC22,JPN,P-77827,23
WC06,JPN,P-40995,12
WC14,CIV,P-43440,17
WC18,IRN,P-24531,11
WC10,AUS,P-44926,4
WC02,BRA,P-06280,18
WC02,ECU,P-23101,10
WC02,ARG,P-12056,23
WC22,USA,P-57029,3
WC06,GHA,P-03949,6
WC10,ESP,P-15314,4
WC06,USA,P-60945,14
WC06,TUN,P-41620,10
WC22,QAT,P-22110,25
WC18,EGY,P-49004,3
WC02,ECU,P-06468,17
WC18,BRA,P-02305,5
WC10,FRA,P-30711,1
WC22,ENG,P-43567,14
WC10,KOR,P-51785,5
WC14,FRA,P-17509,19
WC22,MEX,P-24062,19
WC10,ITA,P-01045,18
WC26,QAT,P-97800,6
WC26,JPN,P-05559,10
WC26,BRA,P-14060,24
WC26,IRN,P-98775,7
WC26,USA,P-59571,6
WC26,ESP,P-31301,11
WC26,MEX,P-26412,7
WC26,ARG,P-79650,13
WC26,CAN,P-21099,25
WC26,ESP,P-16333,4
WC26,AUS,P-82945,10
WC26,ESP,P-62341,16
WC26,MAR,P-23330,15
WC26,KOR,P-87169,9
WC26,ARG,P-49114,19
WC26,ARG,P-14758,10
WC26,ECU,P-78091,16
WC26,IRN,P-87786,14
WC26,MEX,P-49806,24
WC26,CAN,P-94317,1
WC26,USA,P-57029,3
WC22,ESP,P-81427,22
WC06,BRA,P-98607,4
WC18,COL,P-66228,6
WC18,ARG,P-00981,6
WC22,MAR,P-15566,12
WC18,JPN,P-53282,6
WC10,FRA,P-13394,6
WC10,GHA,P-56284,19
WC06,JPN,P-46091,3
WC22,MEX,P-38529,2
WC06,TUN,P-72448,3
WC18,COL,P-78745,2
WC02,ESP,P-14456,18
WC06,CIV,P-55581,22
WC18,FRA,P-81466,23
WC10,GHA,P-66316,23
WC18,ESP,P-56330,6
WC10,BRA,P-11275,1
WC22,QAT,P-28811,22
WC22,MEX,P-26546,4
WC18,PAN,P-91983,12
WC22,GHA,P-07875,5
WC18,ARG,P-18444,1
WC14,KOR,P-77335,9
WC14,ARG,P-96639,4
WC18,ENG,P-59837,19
WC10,MEX,P-88428,10
WC22,IRN,P-98775,7
WC14,COL,P-73564,19
WC22,TUN,P-82056,19
WC02,ESP,P-51089,5
WC06,SWE,P-05583,6
WC22,SEN,P-33958,13
WC22,FRA,P-32431,6
WC02,SEN,P-16571,1
WC22,ENG,P-25937,12
WC10,BRA,P-13354,11
WC22,CAN,P-01925,17
WC10,ENG,P-16557,3
WC02,TUN,P-82870,6
WC14,ITA,P-37848,8
WC22,BEL,P-56069,21
WC14,USA,P-09053,11
WC22,SEN,P-09292,15
WC22,MEX,P-51689,11
WC22,SEN,P-45280,26
WC14,ARG,P-33570,11
WC22,JPN,P-35225,4
WC14,ECU,P-93941,1
WC18,MAR,P-45288,2
WC14,CIV,P-31976,8
WC02,FRA,P-51395,12
WC02,ITA,P-42659,14
WC06,ITA,P-70140,22
WC18,JPN,P-82154,18
WC02,ESP,P-40852,15
WC22,ENG,P-70618,1
WC02,MEX,P-36826,20
WC18,EGY,P-13030,4
WC06,GHA,P-23846,20
WC18,ARG,P-85116,22
WC06,KOR,P-56299,18
WC14,ECU,P-73513,17
WC18,IRN,P-80505,22
WC18,KOR,P-58692,11
WC10,MEX,P-53231,22
WC22,BRA,P-92004,18
WC10,JPN,P-00148,2
WC22,GHA,P-08359,3
WC14,BEL,P-35334,18
WC02,ESP,P-21683,14
WC22,CAN,P-96259,11
WC14,BRA,P-62621,19
WC18,FRA,P-54461,12
WC02,MEX,P-72763,14
WC02,KOR,P-75255,6
WC02,ITA,P-37126,23
WC06,ENG,P-57447,22
WC22,ARG,P-73712,8
WC06,CZE,P-36056,12
WC22,SEN,P-27280,19
WC18,TUN,P-55710,1
WC14,ITA,P-75462,7
WC06,CIV,P-80902,6
WC02,TUN,P-10094,2
WC22,ENG,P-02465,6
WC10,BRA,P-29075,19
WC22,CAN,P-71727,26
WC22,QAT,P-57100,7
WC22,MAR,P-94093,10
WC22,BRA,P-37860,19
WC18,JPN,P-99817,7
WC22,MAR,P-71023,4
WC06,MEX,P-78308,2
WC10,NZL,P-72098,8
WC18,ENG,P-09246,18
WC18,ENG,P-83363,20
WC10,ARG,P-36870,16
WC06,ARG,P-29080,11
WC02,BRA,P-79283,15
WC10,GHA,P-43176,7
WC18,EGY,P-02028,12
WC02,FRA,P-53533,9
WC22,BEL,P-09658,1
WC22,KOR,P-87169,9
WC22,FRA,P-09867,22
WC14,ESP,P-37294,17
WC02,BEL,P-03038,20
WC14,ARG,P-69953,22
WC02,ITA,P-81393,12
WC14,ECU,P-01933,14
WC06,TUN,P-69430,18
WC02,MEX,P-87229,13
WC22,USA,P-14151,4
WC22,ARG,P-03265,18
WC18,SWE,P-15887,15
WC22,TUN,P-42575,15
WC06,ECU,P-18894,12
WC18,EGY,P-60871,17
WC18,BRA,P-76060,13
WC14,ARG,P-29672,13
WC14,USA,P-24300,10
WC22,FRA,P-06614,20
WC14,ENG,P-39063,7
WC02,KOR,P-51785,5
WC22,CAN,P-58061,9
WC22,IRN,P-87786,14
WC14,GHA,P-39956,20
WC18,TUN,P-88818,5
WC10,MEX,P-73255,9
WC06,FRA,P-04469,3
WC18,ESP,P-60716,14
WC10,AUS,P-64711,19
WC18,MAR,P-37696,16
WC10,ARG,P-55451,21
WC18,PAN,P-34448,21
WC02,TUN,P-76769,15
WC02,ITA,P-34670,21
WC02,ITA,P-53723,22
WC02,USA,P-38074,11
WC22,GHA,P-13639,13
WC22,QAT,P-01077,17
WC14,BRA,P-94095,22
WC14,KOR,P-88939,1
WC18,COL,P-07807,15
WC14,JPN,P-23371,18
WC10,KOR,P-96457,3
WC22,MEX,P-94928,1
WC18,BEL,P-47906,17
WC18,MEX,P-36687,8
WC26,JPN,P-44328,20
WC26,JPN,P-66906,12
WC26,MAR,P-15566,12
WC26,ESP,P-33433,13
WC26,GHA,P-07875,5
WC26,BEL,P-53048,6
WC26,SEN,P-47321,3
WC26,SEN,P-37935,18
WC26,ARG,P-81505,22
WC26,CAN,P-55821,3
WC26,KOR,P-05917,24
WC26,CAN,P-00809,23
WC26,JPN,P-68429,16
WC26,IRN,P-84382,2
WC26,GHA,P-08359,3
WC26,TUN,P-25989,1
WC26,AUS,P-34915,6
WC26,MAR,P-94093,10
WC26,BEL,P-88715,13
WC26,MAR,P-71023,4
WC26,ECU,P-73694,25
WC26,ESP,P-68218,12
WC26,USA,P-14151,4
WC26,MEX,P-49482,20
WC26,QAT,P-15161,15
WC26,ECU,P-56347,1
WC26,BRA,P-26953,16
WC26,FRA,P-00465,15
WC26,GHA,P-13639,13
WC26,FRA,P-13613,26
WC14,JPN,P-35179,2
WC18,ARG,P-22992,18
WC18,MAR,P-54137,23
WC02,TUN,P-89922,9
WC18,JPN,P-26303,5
WC02,SWE,P-42808,7
WC06,JPN,P-10636,16
WC14,ECU,P-65206,15
WC18,BEL,P-72637,9
WC02,USA,P-49258,13
WC14,BRA,P-47180,14
WC06,GHA,P-81778,22
WC14,CIV,P-84532,12
WC14,KOR,P-06608,10
WC10,USA,P-72039,9
WC06,ARG,P-38198,20
WC18,IRN,P-98747,4
WC22,IRN,P-47137,23
WC14,IRN,P-53957,10
WC06,AUS,P-66908,3
WC06,MEX,P-92547,21
WC06,BRA,P-13354,23
WC14,FRA,P-35408,10
WC18,PAN,P-52444,16
WC06,JPN,P-99888,19
WC18,ENG,P-89070,23
WC06,MEX,P-34977,19
WC22,ECU,P-52697,7
WC22,AUS,P-68599,20
WC02,USA,P-97784,7
WC22,SEN,P-47321,3
WC18,SWE,P-42015,14
WC22,SEN,P-37935,18
WC18,JPN,P-62769,21
WC06,MEX,P-98486,5
WC02,BEL,P-64922,9
WC18,FRA,P-17509,6
WC06,ENG,P-72859,1
WC02,MEX,P-81643,9
WC06,JPN,P-24251,1
WC02,FRA,P-56430,10
WC06,BRA,P-11275,22
WC22,QAT,P-42663,5
WC02,ENG,P-08307,11
WC10,BRA,P-98607,4
WC18,EGY,P-91291,14
WC18,EGY,P-81689,6
WC14,AUS,P-07864,18
WC06,ARG,P-86290,1
WC06,CIV,P-64184,14
WC10,GHA,P-79898,1
WC14,BEL,P-12533,19
WC14,MEX,P-05120,1
WC10,ENG,P-77532,9
WC22,IRN,P-42215,21
WC06,CIV,P-51266,16
WC02,ECU,P-85473,14
WC22,BEL,P-64049,5
WC18,COL,P-76705,8
WC02,JPN,P-11915,17
WC18,ESP,P-64102,21
WC06,ECU,P-36290,5
WC10,AUS,P-66908,3
WC14,KOR,P-09632,6
WC10,ESP,P-29415,8
WC22,USA,P-48903,1
WC02,ESP,P-23336,12
WC10,BRA,P-78264,7
WC10,GHA,P-69641,12
WC14,ECU,P-79710,11
WC14,IRN,P-15489,18
WC14,KOR,P-19142,2
WC14,BEL,P-55762,13
WC18,MEX,P-01730,3
WC02,ESP,P-95116,23
WC18,MEX,P-24705,22
WC18,AUS,P-51118,16
WC02,BRA,P-01939,22
WC06,CZE,P-26250,3
WC18,BRA,P-37171,11
WC14,KOR,P-71308,11
WC14,COL,P-02080,22
WC10,BRA,P-32798,15
WC06,ITA,P-99473,3
WC22,GHA,P-59808,23
WC02,TUR,P-58069,19
WC18,EGY,P-99805,22
WC22,MAR,P-09614,3
WC14,BEL,P-21070,15
WC18,SEN,P-23774,19
WC02,ITA,P-59777,16
WC10,ESP,P-71661,9
WC22,FRA,P-81466,23
WC18,KOR,P-26566,22
WC06,CIV,P-20335,17
WC10,CIV,P-31976,8
WC02,BRA,P-26695,20
WC22,KOR,P-07233,15
WC14,IRN,P-82861,17
WC18,BEL,P-12533,19
WC10,GHA,P-50641,11
WC02,SWE,P-80105,21
WC06,CZE,P-14907,15
WC18,SEN,P-53694,23
WC22,AUS,P-10244,1
WC06,IRN,P-93633,2
WC18,TUN,P-81706,4
WC14,BRA,P-86524,7
WC06,TUN,P-31347,2
WC14,ENG,P-62157,4
WC14,COL,P-89392,10
WC14,MEX,P-44763,4
WC10,FRA,P-77249,22
WC10,NZL,P-90951,10
WC18,BRA,P-66815,16
WC06,ITA,P-69103,14
WC10,ESP,P-28010,16
WC10,BRA,P-27402,12
WC02,BRA,P-58388,23
WC10,USA,P-64198,13
WC10,NZL,P-72305,2
WC10,JPN,P-54298,23
WC02,ECU,P-11930,1
WC22,GHA,P-51990,1
WC02,FRA,P-96540,4
WC06,GHA,P-00384,13
WC22,ECU,P-28364,21
WC22,KOR,P-97485,26
WC22,ESP,P-30405,19
WC06,ENG,P-71420,6
WC02,SEN,P-02673,16
WC02,FRA,P-40400,17
WC06,CIV,P-48968,5
WC02,TUN,P-15025,11
WC06,ECU,P-86943,21
WC18,ARG,P-38647,5
WC06,ITA,P-42038,10
WC14,MEX,P-75041,11
WC10,FRA,P-38004,23
WC18,FRA,P-07153,8
WC02,ENG,P-63916,8
WC02,FRA,P-59735,1
WC22,ESP,P-29274,7
WC10,ENG,P-44282,13
WC02,SWE,P-20557,18
WC14,BEL,P-72637,9
WC06,JPN,P-42311,14
WC06,GHA,P-17027,1
WC22,QAT,P-26637,26
WC06,CZE,P-21701,18
WC06,BRA,P-62722,9
WC14,GHA,P-93750,19
WC22,QAT,P-17048,9
WC10,KOR,P-15739,23
WC10,GHA,P-25083,4
WC06,TUN,P-69034,8
WC26,CAN,P-12635,2
WC26,ARG,P-37314,7
WC26,BRA,P-68016,9
WC26,SEN,P-33958,13
WC26,IRN,P-09113,20
WC26,ESP,P-71071,20
WC26,SEN,P-09292,15
WC26,KOR,P-58692,11
WC26,SEN,P-45280,26
WC26,USA,P-48903,1
WC26,TUN,P-68161,5
WC26,GHA,P-59808,23
WC26,SEN,P-27280,19
WC26,CAN,P-03472,13
WC26,MAR,P-09614,3
WC26,AUS,P-27035,26
WC26,TUN,P-64924,24
WC26,ECU,P-13321,8
WC26,GHA,P-51990,1
WC26,QAT,P-54495,18
WC26,ARG,P-27582,5
WC26,AUS,P-51118,16
WC26,ESP,P-28010,5
WC26,JPN,P-89321,22
WC26,IRN,P-20998,1
WC26,TUN,P-29063,14
WC26,ENG,P-43567,14
WC22,BRA,P-09441,13
WC02,BRA,P-29601,16
WC18,JPN,P-53272,1
WC22,IRN,P-15905,19
WC18,JPN,P-91793,17
WC14,ENG,P-06678,9
WC10,FRA,P-72916,13
WC06,TUN,P-00640,5
WC10,ITA,P-19910,14
WC22,JPN,P-58907,8
WC02,SEN,P-37924,17
WC22,ECU,P-94877,22
WC18,MAR,P-62364,8
WC02,FRA,P-79380,8
WC02,ARG,P-45985,17
WC22,BRA,P-77071,15
WC02,ENG,P-55244,12
WC06,ECU,P-92146,4
WC22,SEN,P-33622,9
WC10,ESP,P-64348,3
WC14,FRA,P-84312,8
WC06,IRN,P-96490,5
WC22,SEN,P-99821,1
WC02,JPN,P-99721,9
WC10,ESP,P-94275,17
WC06,ARG,P-73619,13
WC14,MEX,P-83642,19
WC10,FRA,P-33400,17
WC10,ENG,P-37933,11
WC14,ARG,P-69019,8
WC10,FRA,P-18830,15
WC18,EGY,P-77754,8
WC22,ESP,P-40007,21
WC02,SEN,P-95302,6
WC14,GHA,P-06024,21
WC10,ESP,P-38283,19
WC06,SWE,P-79017,17
WC22,BEL,P-74337,16
WC14,AUS,P-33434,21
WC06,ITA,P-38599,15
WC10,NZL,P-95458,5
WC22,MAR,P-91543,25
WC10,AUS,P-70545,16
WC06,MEX,P-98036,11
WC14,GHA,P-31765,13
WC02,FRA,P-57906,22
WC02,SWE,P-22071,12
WC06,BRA,P-54042,21
WC18,ESP,P-37294,8
WC02,TUR,P-31907,7
WC18,ENG,P-63620,7
WC22,JPN,P-77382,3
WC06,ESP,P-61793,1
WC06,ITA,P-97154,17
WC18,AUS,P-61767,3
WC02,TUN,P-55391,14
WC06,SWE,P-47401,1
WC02,JPN,P-42311,14
WC10,BRA,P-61927,22
WC02,ENG,P-59324,22
WC22,ENG,P-74071,2
WC10,USA,P-78640,15
WC02,JPN,P-84762,10
WC18,MAR,P-98153,17
WC18,JPN,P-84807,9
WC14,BEL,P-53048,6
WC14,ESP,P-60716,22
WC02,KOR,P-26659,2
WC14,KOR,P-03922,19
WC22,JPN,P-39942,11
WC06,SWE,P-20273,13
WC22,CAN,P-61949,16
WC22,ENG,P-62368,23
WC10,USA,P-55538,16
WC10,USA,P-36179,20
WC10,BRA,P-86163,6
WC10,KOR,P-46519,12
WC14,ENG,P-06851,16
WC06,ITA,P-88263,12
WC18,AUS,P-10244,1
WC22,AUS,P-27035,26
WC10,NZL,P-85046,11
WC02,ESP,P-29415,19
WC22,CAN,P-83822,12
WC06,USA,P-42535,15
WC10,ENG,P-06000,5
WC10,ENG,P-62157,4
WC22,SEN,P-96697,6
WC10,KOR,P-26616,9
WC14,ENG,P-36400,23
WC18,ARG,P-18222,16
WC10,ESP,P-49097,7
WC06,USA,P-05728,21
WC18,SEN,P-94596,14
WC10,MEX,P-44763,4
WC22,USA,P-30252,21
WC18,JPN,P-56398,19
WC06,ITA,P-37126,23
WC14,IRN,P-13053,12
WC14,ITA,P-43029,23
WC10,ITA,P-37848,15
WC06,IRN,P-16416,8
WC18,PAN,P-03144,18
WC02,KOR,P-56626,9
WC14,BEL,P-92866,3
WC18,EGY,P-82223,21
WC22,BRA,P-55590,14
WC02,ARG,P-60914,3
WC18,BEL,P-53048,6
WC02,USA,P-09888,3
WC02,MEX,P-13917,5
WC02,SWE,P-35312,14
WC18,ARG,P-36870,19
WC10,MEX,P-85916,16
WC02,BEL,P-80262,6
WC10,JPN,P-89840,12
WC06,ECU,P-42534,8
WC22,MEX,P-49482,20
WC02,ARG,P-28816,22
WC18,BEL,P-92866,3
WC22,QAT,P-54495,18
WC14,IRN,P-23272,15
WC02,ARG,P-11130,18
WC14,GHA,P-24388,18
WC22,CAN,P-72399,14
WC22,AUS,P-51118,16
WC06,KOR,P-08539,21
WC06,JPN,P-87604,21
WC22,KOR,P-14360,4
WC02,ECU,P-59372,2
WC18,FRA,P-20754,18
WC02,ECU,P-87016,21
WC06,JPN,P-11915,5
WC14,ESP,P-56330,6
WC18,IRN,P-85860,17
WC18,BEL,P-88715,13
WC22,TUN,P-81706,4
WC10,AUS,P-96211,14
WC10,ITA,P-38599,9
WC22,ENG,P-31219,15
WC18,MEX,P-36515,14
WC14,KOR,P-48433,16
WC22,BEL,P-13975,23
WC22,KOR,P-10357,17
WC22,ENG,P-90012,19
WC02,ENG,P-61216,18
WC18,JPN,P-76596,20
WC22,ENG,P-21553,10
WC22,BEL,P-06338,11
WC14,FRA,P-07870,18
WC14,MEX,P-29705,16
WC06,FRA,P-12167,20
WC14,USA,P-10072,13
WC18,KOR,P-07259,19
WC06,ARG,P-25906,16
WC02,JPN,P-24251,12
WC22,IRN,P-04541,16
WC26,BRA,P-42740,22
WC26,IRN,P-74098,5
WC26,MEX,P-38529,2
WC26,MEX,P-26546,4
WC26,ESP,P-87958,15
WC26,KOR,P-57511,20
WC26,ARG,P-56659,16
WC26,ARG,P-28151,21
WC26,AUS,P-68599,20
WC26,TUN,P-27079,21
WC26,JPN,P-62952,15
WC26,TUN,P-09569,18
WC26,ENG,P-59837,11
WC26,MEX,P-51689,11
WC26,QAT,P-42663,5
WC26,MAR,P-91543,25
WC26,BRA,P-87008,10
WC26,TUN,P-82657,22
WC26,BRA,P-32798,3
WC26,BRA,P-83169,11
WC26,BRA,P-66020,12
WC26,SEN,P-88928,20
WC26,FRA,P-81466,23
WC26,BEL,P-70691,24
WC26,USA,P-30252,21
WC26,AUS,P-10244,1
WC26,ARG,P-71343,20
WC26,SEN,P-55140,8
WC26,ECU,P-16576,9
WC26,BRA,P-02305,5
WC26,QAT,P-26637,26
WC26,ENG,P-84787,4
WC26,MEX,P-94928,1
WC26,BEL,P-47906,8
WC26,QAT,P-17048,9
WC06,AUS,P-14862,20
WC10,KOR,P-47942,8
WC02,ITA,P-88863,5
WC22,SEN,P-45399,16
WC06,IRN,P-38371,10
WC10,ENG,P-69235,14
WC18,SWE,P-28801,16
WC18,BRA,P-87266,21
WC22,FRA,P-42326,4
WC22,USA,P-68952,8
WC18,SEN,P-17986,16
WC18,MEX,P-68042,11
WC18,JPN,P-41027,16
WC10,ARG,P-64352,6
WC06,BRA,P-57361,10
WC14,BRA,P-68649,15
WC22,JPN,P-30206,25
WC02,USA,P-86464,9
WC18,ENG,P-08169,8
WC06,ITA,P-11392,1
WC06,JPN,P-04785,18
WC06,MEX,P-81643,9
WC10,NZL,P-72611,22
WC14,MEX,P-80826,13
WC22,GHA,P-50142,4
WC06,AUS,P-55125,18
WC22,BRA,P-68016,9
WC02,BEL,P-46499,18
WC02,ITA,P-29172,9
WC18,KOR,P-64292,15
WC10,ENG,P-64443,23
WC18,IRN,P-74098,5
WC06,ARG,P-83403,2
WC14,USA,P-01169,9
WC22,QAT,P-70879,1
WC06,SWE,P-95996,23
WC10,BRA,P-09441,13
WC18,MEX,P-77047,10
WC14,GHA,P-63370,6
WC02,ITA,P-26847,17
WC02,KOR,P-84722,12
WC10,GHA,P-79316,14
WC18,PAN,P-72819,2
WC06,ESP,P-13964,12
WC18,AUS,P-34822,22
WC18,BRA,P-21531,1
WC10,ITA,P-11392,1
WC02,TUN,P-44407,4
WC22,JPN,P-57586,21
WC22,ESP,P-37420,3
WC18,FRA,P-40789,17
WC10,USA,P-87765,5
WC18,SEN,P-35711,21
WC22,ARG,P-10231,17
WC14,MEX,P-11638,17
WC22,GHA,P-70145,6
WC06,ENG,P-37933,11
WC06,AUS,P-83566,7
WC18,PAN,P-44505,15
WC22,AUS,P-95847,13
WC22,FRA,P-91324,3
WC06,KOR,P-65040,8
WC14,ARG,P-29398,9
WC18,EGY,P-32448,1
WC10,BRA,P-86499,18
WC14,KOR,P-55453,20
WC14,BEL,P-09658,1
WC18,TUN,P-42223,10
WC02,SWE,P-63774,3
WC10,MEX,P-21208,15
WC06,KOR,P-92775,17
WC22,ARG,P-84430,26
WC22,ENG,P-92628,5
WC22,KOR,P-49090,12
WC06,USA,P-09888,12
WC14,FRA,P-21776,20
WC10,BRA,P-32968,14
WC22,JPN,P-64056,24
WC10,NZL,P-86132,17
WC10,ITA,P-37678,22
WC02,ARG,P-94002,20
WC10,ARG,P-39810,2
WC10,ARG,P-76131,13
WC22,BEL,P-70691,24
WC02,SEN,P-50303,4
WC18,ARG,P-77063,14
WC22,SEN,P-77769,22
WC14,IRN,P-84406,21
WC10,USA,P-12548,3
WC02,ENG,P-79943,16
WC18,AUS,P-44926,4
WC10,FRA,P-72795,8
WC06,ECU,P-98031,3
WC18,BRA,P-17082,7
WC22,ARG,P-13162,23
WC22,ENG,P-10501,20
WC10,NZL,P-20963,14
WC02,BRA,P-45956,8
WC14,BRA,P-87449,4
WC02,JPN,P-12376,19
WC02,USA,P-05728,21
WC18,MAR,P-99089,4
WC18,SWE,P-78477,17
WC06,ARG,P-66580,23
WC06,KOR,P-60562,13
WC14,ENG,P-48443,21
WC18,MEX,P-94928,12
WC18,BEL,P-09658,1
WC10,MEX,P-40312,18
WC14,COL,P-78745,2
WC14,ECU,P-31812,20
WC14,BEL,P-33520,23
WC06,ESP,P-49097,21
WC02,ECU,P-47469,12
WC22,ECU,P-78091,16
WC22,JPN,P-46913,18
WC14,ESP,P-05758,4
WC18,MEX,P-26546,21
WC06,BRA,P-39545,11
WC18,BRA,P-74941,18
WC22,ARG,P-91431,4
WC02,JPN,P-94511,23
WC10,AUS,P-83566,7
WC14,IRN,P-98775,9
WC06,ARG,P-33570,18
WC18,COL,P-37614,18
WC22,KOR,P-82889,3
WC22,KOR,P-66969,23
WC14,KOR,P-15736,18
WC06,CIV,P-25398,4
WC02,FRA,P-66615,13
WC22,AUS,P-11675,18
WC22,KOR,P-42523,1
WC18,ESP,P-15848,4
WC18,PAN,P-53385,3
WC06,ESP,P-82549,16
WC02,SWE,P-42895,11
WC10,AUS,P-14862,8
WC06,ENG,P-62157,4
WC22,QAT,P-33804,14
WC18,AUS,P-36196,5
WC22,SEN,P-61416,11
WC14,COL,P-66228,6
WC18,ENG,P-16053,17
WC02,MEX,P-92547,21
WC22,BEL,P-47906,8
WC18,BEL,P-85472,20
WC14,MEX,P-42911,6
WC02,TUR,P-23883,11
WC18,FRA,P-73306,19
WC10,ESP,P-61793,1
WC10,NZL,P-45524,12
WC22,ESP,P-09400,10
WC26,QAT,P-75618,21
WC26,IRN,P-85860,9
WC26,FRA,P-86920,24
WC26,USA,P-68952,8
WC26,FRA,P-03945,18
WC26,FRA,P-90908,7
WC26,GHA,P-50142,4
WC26,JPN,P-56398,19
WC26,TUN,P-48887,8
WC26,TUN,P-90867,13
WC26,TUN,P-22128,2
WC26,ARG,P-92353,15
WC26,JPN,P-53272,1
WC26,BEL,P-74337,16
WC26,KOR,P-92710,16
WC26,ESP,P-01416,18
WC26,AUS,P-97422,8
WC26,ESP,P-86871,6
WC26,CAN,P-48340,20
WC26,AUS,P-34822,22
WC26,GHA,P-70145,6
WC26,ECU,P-82216,23
WC26,CAN,P-27541,21
WC26,ECU,P-22286,4
WC26,FRA,P-97778,11
WC26,ARG,P-39788,1
WC26,MEX,P-09058,26
WC26,ARG,P-23070,25
WC26,CAN,P-42390,22
WC26,ESP,P-33854,25
WC26,FRA,P-92987,12
WC26,BEL,P-13975,23
WC26,BEL,P-06338,11
WC26,SEN,P-76835,17
WC26,MEX,P-09877,5
WC26,FRA,P-89750,9
WC14,AUS,P-52319,13
WC14,MEX,P-97434,3
WC06,AUS,P-78863,1
WC10,KOR,P-16139,6
WC02,SWE,P-62207,20
WC06,USA,P-18672,8
WC02,KOR,P-95122,1
WC22,ARG,P-40147,14
WC06,AUS,P-69089,16
WC18,IRN,P-85324,16
WC02,KOR,P-68095,17
WC18,AUS,P-84536,12
WC18,COL,P-07796,17
WC02,USA,P-77238,14
WC14,BEL,P-64049,5
WC22,USA,P-38940,25
WC18,BEL,P-64049,5
WC22,MEX,P-73491,25
WC10,CIV,P-98071,18
WC22,ESP,P-87958,15
WC02,ARG,P-60052,12
WC18,ARG,P-39788,12
WC18,KOR,P-64718,2
WC14,MEX,P-10063,7
WC22,ENG,P-58924,9
WC18,SEN,P-57411,22
WC14,COL,P-76705,8
WC10,ESP,P-47597,13
WC18,MEX,P-76750,2
WC06,BRA,P-32968,14
WC22,ECU,P-56839,20
WC18,ENG,P-38372,13
WC06,IRN,P-56998,11
WC10,FRA,P-68803,5
WC02,MEX,P-50787,23
WC14,AUS,P-09100,14
WC02,TUR,P-16859,14
WC06,ESP,P-51089,5
WC10,AUS,P-03552,21
WC14,BEL,P-95269,4
WC22,ECU,P-29713,3
WC06,ESP,P-44334,23
WC22,ENG,P-36400,3
WC14,ENG,P-21553,19
WC14,USA,P-58476,12
WC22,BEL,P-72637,9
WC18,MAR,P-71023,21
WC14,USA,P-78113,22
WC14,CIV,P-65804,2
WC18,SEN,P-29136,9
WC14,AUS,P-05392,3
WC06,ENG,P-50944,15
WC22,JPN,P-82447,17
WC06,KOR,P-76780,6
WC18,BEL,P-95269,4
WC18,ENG,P-05318,22
WC14,COL,P-76077,5
WC18,ESP,P-02231,19
WC22,CAN,P-21099,25
WC18,SWE,P-20019,8
WC06,ESP,P-21683,6
WC10,FRA,P-58415,18
WC02,TUR,P-58212,9
WC18,BRA,P-62621,19
WC14,BRA,P-02974,18
WC10,AUS,P-31145,17
WC06,CIV,P-75763,20
WC02,USA,P-72797,12
WC18,EGY,P-50801,5
WC18,PAN,P-32575,6
WC02,ITA,P-84093,15
WC22,MAR,P-87409,13
WC18,BRA,P-65498,6
WC06,BRA,P-57975,20
WC06,CZE,P-65590,20
WC18,ARG,P-64424,4
WC18,COL,P-59950,19
WC02,BEL,P-52358,11
WC22,USA,P-03484,11
WC10,ARG,P-70815,1
WC14,ENG,P-70595,18
WC10,AUS,P-69089,6
WC22,MEX,P-24705,22
WC18,EGY,P-75890,10
WC10,USA,P-58476,18
WC10,KOR,P-07494,14
WC14,USA,P-98378,21
WC22,IRN,P-53957,10
WC06,FRA,P-31668,9
WC10,NZL,P-15454,18
WC06,CZE,P-53062,1
WC18,SEN,P-40621,5
WC22,MAR,P-45288,2
WC22,TUN,P-57303,26
WC22,MAR,P-21052,16
WC22,IRN,P-74612,13
WC02,KOR,P-07865,4
WC06,ECU,P-61229,18
WC10,MEX,P-21945,23
WC02,TUR,P-41133,17
WC06,JPN,P-09349,7
WC14,AUS,P-97422,8
WC22,BEL,P-75820,3
WC18,BRA,P-97493,22
WC18,COL,P-89392,10
WC02,FRA,P-56947,15
WC18,PAN,P-10561,8
WC22,ENG,P-95181,25
WC18,EGY,P-49027,16
WC02,JPN,P-58878,20
WC22,TUN,P-69793,23
WC06,FRA,P-48944,14
WC14,AUS,P-44926,4
WC14,AUS,P-36196,5
WC02,USA,P-07553,18
WC02,USA,P-97459,10
WC22,CAN,P-94317,1
WC18,BRA,P-77556,4
WC22,GHA,P-14179,25
WC02,USA,P-68379,6
WC14,FRA,P-30711,1
WC06,ARG,P-78133,4
WC22,BRA,P-26953,16
WC02,JPN,P-89292,15
WC06,ARG,P-85199,10
WC14,GHA,P-48310,7
WC06,ECU,P-63618,23
WC10,ESP,P-89177,15
WC10,AUS,P-78863,1
WC10,KOR,P-39884,22
WC14,AUS,P-93567,17
WC18,SWE,P-31431,3
WC10,ENG,P-50718,22
WC02,ARG,P-19888,19
WC02,JPN,P-54298,1
WC10,BRA,P-74066,17
WC18,MAR,P-15566,12
WC06,ENG,P-64864,19
WC06,SWE,P-30568,4
WC22,MEX,P-81433,21
WC14,ENG,P-36639,15
WC22,USA,P-89452,2
WC14,ESP,P-24647,2
WC18,KOR,P-02947,10
WC22,SEN,P-76835,17
WC18,BRA,P-40137,14
WC06,TUN,P-79202,22
WC06,SWE,P-73608,16
WC10,ARG,P-91484,23
WC18,ESP,P-92520,10
WC18,FRA,P-42326,4
WC26,SEN,P-45399,16
WC26,MEX,P-80088,23
WC26,IRN,P-95374,6
WC26,USA,P-38940,25
WC26,FRA,P-80996,25
WC26,KOR,P-64292,5
WC26,ARG,P-00652,2
WC26,ESP,P-40007,21
WC26,TUN,P-45680,25
WC26,ECU,P-44851,11
WC26,AUS,P-89217,19
WC26,BRA,P-92004,18
WC26,CAN,P-89710,5
WC26,MAR,P-87409,13
WC26,USA,P-03484,11
WC26,IRN,P-29864,8
WC26,MEX,P-96510,6
WC26,BRA,P-37860,19
WC26,TUN,P-11879,6
WC26,TUN,P-47815,17
WC26,SEN,P-77769,22
WC26,MAR,P-45288,2
WC26,MAR,P-21052,16
WC26,ECU,P-39347,12
WC26,GHA,P-14179,25
WC26,ECU,P-04237,18
WC26,QAT,P-43921,20
WC26,JPN,P-45981,2
WC26,USA,P-89452,2
WC26,SEN,P-61416,11
WC26,QAT,P-32949,13
WC02,ESP,P-45039,13
WC18,ARG,P-32508,2
WC22,IRN,P-24531,11
WC14,AUS,P-15064,12
WC22,BRA,P-97698,6
WC22,ECU,P-13973,19
WC14,USA,P-95273,2
WC14,BRA,P-50663,20
WC18,PAN,P-48670,14
WC06,ARG,P-16541,17
WC10,ARG,P-60541,22
WC14,ARG,P-42113,7
WC14,COL,P-92771,3
WC18,COL,P-75090,21
WC22,CAN,P-49915,24
WC22,ECU,P-06545,14
WC18,JPN,P-46176,3
WC06,MEX,P-11191,22
WC18,AUS,P-83198,21
WC22,FRA,P-80996,25
WC06,IRN,P-34386,7
WC14,ITA,P-11392,1
WC14,IRN,P-37948,1
WC18,BEL,P-74337,16
WC02,SEN,P-62939,14
WC22,IRN,P-97838,4
WC06,ENG,P-97840,12
WC06,ENG,P-16557,3
WC02,TUN,P-41620,10
WC06,AUS,P-21864,5
WC22,USA,P-34132,9
WC10,JPN,P-24251,1
WC02,TUR,P-04455,16
WC06,TUN,P-61850,12
WC02,SWE,P-95369,13
WC22,USA,P-94647,24
WC22,BEL,P-53048,6
WC22,USA,P-11737,10
WC14,ITA,P-67615,2
WC18,TUN,P-96029,6
WC06,CZE,P-23972,5
WC22,ESP,P-71071,20
WC14,ECU,P-73520,5
WC18,FRA,P-04964,14
WC18,FRA,P-97778,11
WC18,BRA,P-54013,15
WC02,ARG,P-06370,14
WC10,BRA,P-58840,5
WC10,KOR,P-08539,21
WC22,ARG,P-79650,13
WC14,ECU,P-15123,12
WC10,ITA,P-30116,12
WC06,JPN,P-54298,23
WC10,AUS,P-21864,5
WC06,JPN,P-89292,15
WC02,TUN,P-22242,3
WC14,GHA,P-01945,10
WC22,AUS,P-89217,19
WC14,ITA,P-39774,11
WC18,MEX,P-77419,20
WC22,JPN,P-22633,9
WC02,TUN,P-99847,18
WC02,TUN,P-00668,21
WC02,JPN,P-09349,7
WC14,GHA,P-40630,1
WC22,TUN,P-25741,7
WC10,ARG,P-56859,17
WC10,ITA,P-88863,5
WC22,MAR,P-47490,5
WC22,ENG,P-22844,24
WC18,EGY,P-24653,11
WC06,BRA,P-42918,3
WC14,ITA,P-73649,20
WC06,CZE,P-30878,19
WC18,IRN,P-29185,12
WC18,SWE,P-29833,2
WC22,TUN,P-21865,11
WC10,ARG,P-77063,14
WC18,EGY,P-08628,20
WC06,CIV,P-30753,23
WC06,CZE,P-04349,14
WC02,FRA,P-57021,23
WC22,KOR,P-61172,13
WC02,MEX,P-52784,1
WC18,PAN,P-78106,9
WC22,CAN,P-35706,10
WC10,ESP,P-69284,22
WC22,ENG,P-46540,26
WC14,FRA,P-79882,7
WC06,GHA,P-84395,4
WC06,IRN,P-00111,23
WC18,BEL,P-13975,21
WC06,FRA,P-51388,8
WC06,ARG,P-91357,15
WC14,JPN,P-70237,14
WC02,TUR,P-78533,20
WC18,SWE,P-19366,13
WC22,TUN,P-11346,9
WC06,ESP,P-25905,11
WC22,BEL,P-88715,13
WC06,KOR,P-46519,12
WC18,SEN,P-12707,13
WC14,FRA,P-69530,15
WC06,FRA,P-63176,2
WC18,ARG,P-35173,3
WC22,GHA,P-36105,26
WC10,FRA,P-55659,7
WC22,GHA,P-28517,14
WC18,FRA,P-90908,7
WC14,IRN,P-94249,23
WC18,ESP,P-00339,9
WC18,KOR,P-04157,23
WC02,BRA,P-85176,6
WC22,ARG,P-49114,19
WC14,KOR,P-40927,17
WC22,USA,P-80838,26
WC14,BRA,P-41758,5
WC18,EGY,P-41789,15
WC22,ARG,P-14758,10
WC02,ITA,P-11392,1
WC22,MAR,P-00597,24
WC06,AUS,P-06205,11
WC18,SWE,P-34998,4
WC02,FRA,P-93048,7
WC18,MAR,P-88869,22
WC18,ESP,P-52418,22
WC22,MEX,P-09058,26
WC06,IRN,P-94570,19
WC18,TUN,P-69793,23
WC06,IRN,P-59901,6
WC22,ESP,P-28010,5
WC10,AUS,P-73512,22
WC18,AUS,P-45548,23
WC10,MEX,P-97434,3
WC02,USA,P-96178,8
WC22,BRA,P-89248,23
WC18,IRN,P-60139,9
WC02,ECU,P-19156,11
WC18,TUN,P-57303,22
WC14,BEL,P-17974,21
WC18,FRA,P-89750,9
WC06,KOR,P-26616,9
WC10,NZL,P-57058,4
WC22,USA,P-86410,23
WC14,ECU,P-94877,22
WC22,GHA,P-09991,15
WC18,BEL,P-06338,11
WC18,COL,P-61424,16
WC10,GHA,P-24586,2
WC22,KOR,P-91889,14
WC22,QAT,P-43921,20
WC14,AUS,P-65381,10
WC02,ESP,P-35246,6
WC02,BRA,P-09270,5
WC10,ESP,P-47753,11
WC06,ITA,P-88863,5
WC22,MEX,P-09877,5
WC22,MAR,P-40619,8
WC06,ITA,P-29172,18
WC02,SWE,P-07902,1
WC22,QAT,P-32949,13
WC26,SEN,P-92891,24
WC26,JPN,P-99817,7
WC26,SEN,P-90626,4
WC26,JPN,P-53282,6
WC26,ENG,P-50034,21
WC26,USA,P-34132,9
WC26,USA,P-94647,24
WC26,USA,P-11737,10
WC26,BEL,P-56069,21
WC26,CAN,P-32574,8
WC26,IRN,P-28492,24
WC26,KOR,P-67516,6
WC26,MAR,P-47490,5
WC26,KOR,P-32599,8
WC26,CAN,P-85670,15
WC26,ARG,P-36188,12
WC26,IRN,P-80505,22
WC26,ENG,P-08169,8
WC26,CAN,P-46263,18
WC26,GHA,P-36105,26
WC26,GHA,P-28517,14
WC26,JPN,P-75751,13
WC26,IRN,P-62858,25
WC26,BEL,P-09658,1
WC26,USA,P-80838,26
WC26,MAR,P-00597,24
WC26,ECU,P-69217,24
WC26,IRN,P-68842,18
WC26,ESP,P-30405,19
WC26,TUN,P-38981,12
WC26,USA,P-86410,23
WC26,GHA,P-09991,15
WC26,ESP,P-29274,7
WC26,MAR,P-40619,8
WC02,ENG,P-68164,2
WC14,CIV,P-20974,13
WC06,ENG,P-50718,18
WC22,MAR,P-14026,18
WC06,TUN,P-52641,1
WC10,KOR,P-16580,4
WC22,ARG,P-29298,6
WC06,ECU,P-29399,1
WC02,ARG,P-56385,1
WC02,ECU,P-85736,13
WC14,IRN,P-19512,4
WC02,ITA,P-42038,10
WC06,USA,P-07553,18
WC14,FRA,P-67867,6
WC10,USA,P-50522,1
WC06,ECU,P-06468,17
WC14,ENG,P-31138,13
WC06,ARG,P-14758,19
WC18,IRN,P-29864,8
WC02,ARG,P-76131,6
WC14,ESP,P-78418,11
WC22,JPN,P-05559,10
WC10,GHA,P-38556,3
WC10,ENG,P-64864,7
WC18,SEN,P-55298,12
WC06,AUS,P-63129,13
WC18,COL,P-83216,11
WC06,ARG,P-56532,21
WC14,ENG,P-07038,22
WC18,IRN,P-95374,6
WC06,CIV,P-44934,19
WC02,ARG,P-35873,21
WC14,ITA,P-04221,10
WC18,IRN,P-00111,7
WC06,ECU,P-30306,20
WC02,BRA,P-93236,13
WC10,CIV,P-92316,21
WC18,ARG,P-28151,21
WC06,USA,P-83190,13
WC18,BRA,P-41758,17
WC14,KOR,P-16489,22
WC10,AUS,P-33989,12
WC22,ESP,P-01416,18
WC18,ARG,P-66433,7
WC02,ENG,P-01249,5
WC14,ESP,P-73924,14
WC10,NZL,P-17136,20
WC22,ESP,P-86871,6
WC14,COL,P-86404,16
WC10,FRA,P-53533,9
WC14,ECU,P-42534,8
WC10,GHA,P-79884,17
WC02,TUN,P-58954,16
WC06,KOR,P-25724,7
WC06,CZE,P-46512,13
WC10,AUS,P-63129,13
WC18,ENG,P-74242,11
WC22,IRN,P-45653,17
WC18,KOR,P-09338,8
WC14,GHA,P-96497,17
WC22,GHA,P-94579,17
WC18,ENG,P-50943,14
WC06,USA,P-97459,10
WC10,JPN,P-03497,8
WC22,AUS,P-34915,6
WC02,ESP,P-37161,16
WC18,SEN,P-51960,11
WC22,SEN,P-88928,20
WC14,KOR,P-42523,21
WC02,JPN,P-21222,3
WC18,AUS,P-45528,10
WC14,USA,P-91976,7
WC10,ITA,P-27627,20
WC02,ECU,P-39602,23
WC18,SEN,P-91655,6
WC14,FRA,P-43350,2
WC02,ESP,P-29082,3
WC14,GHA,P-20971,15
WC14,AUS,P-81067,9
WC10,ESP,P-44334,23
WC18,COL,P-43196,13
WC02,ITA,P-43222,3
WC06,TUN,P-91602,23
WC14,USA,P-41262,6
WC02,TUR,P-94559,3
WC10,JPN,P-35179,6
WC02,KOR,P-22338,14
WC18,EGY,P-83293,2
WC10,MEX,P-01987,20
WC02,MEX,P-32594,16
WC06,SWE,P-84022,9
WC06,GHA,P-98986,12
WC22,QAT,P-15161,15
WC22,SEN,P-55140,8
WC06,USA,P-77238,6
WC10,FRA,P-51395,12
WC18,SEN,P-22102,15
WC10,GHA,P-29967,5
WC18,MEX,P-80088,23
WC10,MEX,P-89297,6
WC18,JPN,P-33175,4
WC06,CIV,P-99466,11
WC14,BRA,P-54013,8
WC18,MAR,P-64125,10
WC14,AUS,P-10244,1
WC22,FRA,P-00465,15
WC06,MEX,P-89438,17
WC10,ENG,P-50944,18
WC14,IRN,P-75785,3
WC10,USA,P-91976,7
WC06,CIV,P-08544,3
WC06,ESP,P-89177,15
WC02,TUN,P-89154,13
WC18,AUS,P-33434,8
WC14,GHA,P-67189,14
WC22,USA,P-70867,5
WC22,MAR,P-88869,22
WC22,ESP,P-33854,25
WC06,ARG,P-48161,22
WC14,KOR,P-47440,13
WC14,ITA,P-25985,22
WC02,ENG,P-90384,15
WC14,ESP,P-64102,21
WC10,KOR,P-61649,2
WC10,CIV,P-93241,15
WC06,IRN,P-56844,20
WC10,ESP,P-51089,5
WC02,SWE,P-85432,8
WC14,ENG,P-94649,3
WC22,FRA,P-13613,26
WC14,USA,P-50522,1
WC26,BRA,P-97698,6
WC26,MAR,P-14026,18
WC26,QAT,P-28811,22
WC26,SEN,P-33622,9
WC26,SEN,P-99821,1
WC26,FRA,P-32431,6
WC26,JPN,P-86909,14
WC26,TUN,P-49094,20
WC26,CAN,P-31806,4
WC26,BEL,P-72637,9
WC26,ECU,P-34543,10
WC26,ESP,P-37420,3
WC26,GHA,P-94579,17
WC26,ENG,P-21153,7
WC26,ENG,P-89070,13
WC26,QAT,P-57100,7
WC26,SEN,P-96697,6
WC26,FRA,P-09867,22
WC26,BEL,P-75820,3
WC26,FRA,P-06614,20
WC26,JPN,P-77827,23
WC26,BRA,P-89248,23
WC26,KOR,P-07259,19
WC26,QAT,P-01077,17
WC26,USA,P-70867,5
WC26,MAR,P-88869,22
WC26,CAN,P-46358,19
WC26,ECU,P-11495,15
WC26,ESP,P-09400,10
WC10,AUS,P-91832,2
WC10,KOR,P-40927,17
WC06,TUN,P-89154,13
WC06,FRA,P-68803,5
WC22,JPN,P-99817,7
WC10,BRA,P-82456,23
WC10,FRA,P-69594,16
WC18,TUN,P-09569,20
WC14,ESP,P-64348,3
WC18,FRA,P-67297,5
WC22,IRN,P-95374,6
WC14,BRA,P-87008,10
WC18,PAN,P-77521,1
WC18,MEX,P-10063,7
WC14,COL,P-27327,12
WC22,JPN,P-53282,6
WC02,KOR,P-39884,16
WC18,SEN,P-29883,4
WC02,SEN,P-75923,8
WC14,ARG,P-86028,12
WC22,BRA,P-14060,24
WC18,TUN,P-75361,9
WC18,KOR,P-16489,6
WC02,FRA,P-10738,14
WC06,USA,P-78068,16
WC10,KOR,P-95122,1
WC10,USA,P-15091,14
WC06,MEX,P-89297,6
WC10,GHA,P-65216,18
WC22,KOR,P-64292,5
WC02,BEL,P-02977,12
WC22,BEL,P-21652,18
WC02,SWE,P-05583,6
WC06,ENG,P-01249,5
WC22,SEN,P-54506,14
WC18,COL,P-12476,7
WC02,MEX,P-56348,22
WC10,ARG,P-93262,3
WC06,MEX,P-30651,7
WC02,BEL,P-42565,17
WC22,MAR,P-42517,19
WC18,PAN,P-67176,19
WC10,USA,P-07475,17
WC06,FRA,P-58415,18
WC02,USA,P-58649,4
WC22,CAN,P-55821,3
WC06,ECU,P-49265,16
WC14,ARG,P-61051,2
WC06,JPN,P-46807,17
WC22,CAN,P-00809,23
WC06,ARG,P-60914,3
WC22,FRA,P-78484,5
WC10,ITA,P-92874,4
WC14,ESP,P-49097,7
WC06,BRA,P-45956,17
WC18,KOR,P-42523,1
WC06,FRA,P-57021,23
WC10,JPN,P-26303,5
WC14,KOR,P-71373,15
WC02,ITA,P-45258,2
WC18,KOR,P-18598,5
WC06,ECU,P-72804,2
WC06,USA,P-91976,17
WC06,ESP,P-73344,22
WC02,ITA,P-17035,18
WC06,GHA,P-09728,10
WC18,COL,P-29212,22
WC18,KOR,P-47440,13
WC06,USA,P-50522,1
WC02,SWE,P-71531,22
WC22,TUN,P-68161,5
WC22,AUS,P-05864,21
WC10,MEX,P-52784,1
WC02,BRA,P-57361,11
WC14,COL,P-01505,4
WC06,CIV,P-14259,7
WC02,ESP,P-08514,9
WC18,FRA,P-98287,13
WC22,ESP,P-49008,14
WC02,FRA,P-56735,3
WC22,IRN,P-29864,8
WC22,AUS,P-35837,7
WC06,CIV,P-31283,1
WC10,USA,P-77238,6
WC02,SWE,P-59548,17
WC10,ESP,P-56330,6
WC18,TUN,P-02778,19
WC06,IRN,P-47539,9
WC18,FRA,P-69451,15
WC22,TUN,P-64924,24
WC02,BEL,P-91831,14
WC02,ECU,P-74323,7
WC02,SWE,P-56718,4
WC14,BRA,P-32798,3
WC06,AUS,P-78071,9
WC14,USA,P-41052,14
WC22,MEX,P-19618,8
WC22,JPN,P-75751,13
WC02,TUR,P-52032,2
WC02,ARG,P-25906,16
WC06,ESP,P-70144,17
WC18,COL,P-16245,14
WC22,ECU,P-13321,8
WC10,GHA,P-49882,9
WC06,AUS,P-91832,2
WC14,BRA,P-43410,17
WC06,ESP,P-28485,3
WC14,BEL,P-25209,11
WC18,JPN,P-20127,23
WC22,BEL,P-48955,7
WC10,JPN,P-90491,16
WC06,TUN,P-61670,20
WC06,SWE,P-65907,21
WC06,MEX,P-92932,1
WC10,MEX,P-01835,12
WC14,JPN,P-33175,4
WC18,ESP,P-52217,1
WC06,AUS,P-06754,19
WC18,PAN,P-02886,5
WC14,JPN,P-85824,15
WC10,AUS,P-06754,9
WC02,TUN,P-52641,1
WC02,BEL,P-34376,8
WC02,SEN,P-35019,15
WC10,CIV,P-25398,4
WC22,FRA,P-30711,1
WC14,ITA,P-01292,14
WC10,FRA,P-31668,10
WC18,EGY,P-29161,13
WC02,BEL,P-71601,4
WC14,USA,P-07475,17
WC22,TUN,P-29063,14
WC22,QAT,P-38732,10
WC06,FRA,P-93048,6
WC18,ARG,P-16352,20
WC06,KOR,P-04977,16
WC06,ENG,P-99967,9
WC10,GHA,P-01945,13
WC06,CIV,P-48722,2
WC06,ECU,P-19156,11
WC22,AUS,P-20087,9
WC18,MAR,P-46553,14
WC26,ARG,P-29298,6
WC26,FRA,P-64077,10
WC26,ECU,P-52697,7
WC26,CAN,P-01925,17
WC26,MEX,P-64182,10
WC26,MAR,P-42517,19
WC26,JPN,P-22633,9
WC26,ESP,P-60716,2
WC26,CAN,P-96259,11
WC26,BEL,P-84852,14
WC26,ENG,P-92628,5
WC26,CAN,P-71727,26
WC26,ESP,P-92513,1
WC26,MEX,P-64299,14
WC26,IRN,P-53957,10
WC26,ENG,P-10501,20
WC26,IRN,P-74612,13
WC26,BEL,P-95312,17
WC26,CAN,P-58061,9
WC26,ECU,P-28364,21
WC26,SEN,P-40621,5
