team_id,as_of_date,elo,fifa_rank,attack_strength,defense_strength,avg_goals_scored,avg_goals_conceded,form_index,wc_attack_strength,wc_defense_strength,squad_size,clean_sheet_rate,win_rate
JPN,2026-06-10,1651.345230317739,16,1.12572723153574,0.7096601683528087,1.4270885807779745,0.8996388237918495,0.4054990012389544,0.7480971199743671,0.5551011845214304,26,0.45098776761698706,0.5092147036192809
QAT,2026-06-10,1393.895165311511,42,0.7927390933607829,1.4991777786133822,1.0049582847241807,1.9005132224584758,0.4497474368120831,0.8252770669216799,1.7403853465259447,26,0.19566722068811818,0.3354690859823155
SUI,2026-06-10,1668.37679996685,19,1.6083989996796388,1.0831535323128512,2.0389733689272105,1.3731177445927507,0.5152790137629348,2.077468719999297,0.7292723881702854,23,0.2618661475413072,0.41331802129390255
HAI,2026-06-10,1245.5808336925688,70,1.1163622188230522,1.2751096145367817,1.4152165194768678,1.6164611809764804,0.4270176343476607,0.7566169519898968,3.4372783417896993,23,0.24315794194775409,0.2690493402765817
AUT,2026-06-10,1637.2281468195615,36,1.6187741724562525,0.7751063871881414,2.0521260138826896,0.9826052378028038,0.5788557403685419,0.7449611885764307,1.5946419557821434,23,0.3595550904929899,0.6400665570837526
UZB,2026-06-10,1408.477434577485,52,0.7870604462956797,1.0105606491952317,0.9977594428077232,1.2810914778020146,0.3333643837338205,1.3199336904739747,0.9598771955565664,23,0.3712331151035605,0.17771486748494447
GHA,2026-06-10,1392.0527682479062,45,0.5255855161712496,1.7454571134935888,0.666286705463316,2.2127224474317986,0.03249841947643883,1.2387226400214313,1.3624404123436802,26,0.06560317913795075,0.08359622879482105
KOR,2026-06-10,1582.5340476710296,22,0.9612885640640296,1.123128195112364,1.2186290729919855,1.423793772678,0.6521433956490879,1.4043801276118737,0.7691035505022884,26,0.38322572294075347,0.4416518253835354
CZE,2026-06-10,1495.5587883394453,42,0.7323486897086908,1.3496199608320156,0.9284011463462619,1.710918222939194,0.12887935788068866,0.37489632360171415,1.7223765405547646,23,0.21592077956877828,0.15894261134334503
IRN,2026-06-10,1450.4382703433805,33,0.7473790671694083,0.7007706269320318,0.9474552115212781,0.8883695192085033,0.4294785405752357,1.0128253894764099,0.9436204985724963,25,0.46724331130228863,0.23546345093774687
JOR,2026-06-10,1429.7903250504614,60,0.845426028267757,1.3422766663056098,1.0717497072425477,1.701609101270682,0.3130633154735336,0.4177303975800435,0.9533126149417465,23,0.3037099125495166,0.30762057282032196
PAN,2026-06-10,1430.3949729888445,56,0.9072674791553273,1.5414399515399817,1.1501463435751313,1.9540891356040926,0.2684224998058454,0.8492583811753248,1.3632811700201521,23,0.09464121667774217,0.28280335891204506
URU,2026-06-10,1639.2137841166866,14,0.8233800984259497,0.8692088831451,1.0438020003304966,1.1018993204552032,0.40372719780670807,0.7567780123740958,0.9090326250952981,23,0.39733827417356277,0.2860379037276346
NED,2026-06-10,1681.366959423212,7,1.2399707562029896,1.0283530712122022,1.5719155201228123,1.3036469970907874,0.4255304570946346,1.6741492610258248,0.7307283037814339,23,0.15829405685543663,0.3813975509601008
CRO,2026-06-10,1673.127657935187,10,0.9858139222440729,1.063851003092571,1.2497199603914864,1.3486478568093527,0.5126764582324655,1.4336619674878552,0.6158502837877731,23,0.20804589053260023,0.3652956672206071
BEL,2026-06-10,1700.7479095413332,3,1.7007267994447055,0.8702424527639716,2.1560176626441994,1.1032095804890822,0.28504091227254597,0.8500821711554589,0.6841046953446037,26,0.33884995111625527,0.49131493848066854
ARG,2026-06-10,1757.4124658851983,1,1.2073065213125105,0.6137296637622216,1.5305069485735041,0.7780273678241971,0.6366093542544718,1.0827619816151486,0.8193594223365268,26,0.4659878643127332,0.5574853136565885
POR,2026-06-10,1765.053033132631,6,1.2445163661936796,0.6142705349035078,1.5776780067436025,0.7787130321732321,0.7000744106725959,1.656450294582026,0.9656624715679949,23,0.4586924479511949,0.5114130050051475
CUW,2026-06-10,1310.585815344156,65,1.0524839181321461,1.819089398034076,1.3342377611047074,2.3060663672559394,0.21551733106043866,1.6751448122881187,0.27654496168874226,23,0.2804560275559648,0.23916961154096908
TUN,2026-06-10,1546.2991381966822,29,0.7198390999394191,1.0188196929176947,0.9125426930639422,1.2915614981180317,0.43564312110561343,0.7916517898539782,0.8726950034140734,26,0.42401875401468325,0.3503267495048257
NOR,2026-06-10,1593.7521704029612,37,1.3047956712994857,0.9814355464717213,1.6540943050829184,1.2441694772086695,0.47409538672033197,2.4718691338514374,0.6548108900609958,23,0.21451576910233053,0.35815221524222063
COL,2026-06-10,1687.5136779876782,12,1.27865330952596,0.7948735298012093,1.620953536239058,1.0076641177050294,0.4416679415752511,0.99079332358003,1.1316845565000773,23,0.4131427826644847,0.48285583951315036
SCO,2026-06-10,1528.7374941020325,50,0.8978598596091081,1.205396127583607,1.1382202694333539,1.5280851353678406,0.18630365626487683,0.6882618281468355,1.1100209407001351,23,0.15262711969869733,0.26373985477272693
EGY,2026-06-10,1486.9536245774052,31,0.9687874866344613,0.9678597111640725,1.228135484908309,1.2269593405082917,0.36444215630915383,0.7026965682995414,0.8541473042295643,23,0.3440062308209121,0.3335332853545265
JAM,2026-06-10,1270.0610854634172,58,0.5534039790016666,1.4265281763557902,0.7015522738247795,1.8084150526039255,0.17571912415032107,0.1853099796962761,1.0233094587893279,23,0.158440663424217,0.10929488300760783
FRA,2026-06-10,1799.8624536522705,2,1.3689689811076011,0.9277319111343317,1.7354470476055917,1.1760891797891078,0.7591695621919428,1.5650257166179868,0.9164551107357191,26,0.3304810622428804,0.5560681030998775
ESP,2026-06-10,1786.8143714614955,8,1.6250482835478444,0.9410134612322182,2.060079727750949,1.1929262500391247,0.675640412136898,2.5035903118954272,0.8492854129879862,26,0.33499341993764004,0.454191277367322
ITA,2026-06-10,1591.7486542396014,9,0.9493885409445875,1.4137190064766962,1.203543369609309,1.7921768205068282,0.3528850822907883,0.5482527481721723,2.4805878507386994,23,0.2050341395504579,0.2510816280547071
MAR,2026-06-10,1668.1315912969865,13,1.20653036978564,0.6567212162818931,1.529523018408255,0.832527918181357,0.5036960525093919,0.7381278240820791,0.628595516882426,26,0.3739648648602017,0.5590014179232786
TUR,2026-06-10,1623.0327824548972,38,0.9363697174558857,1.698601288878284,1.187039358854817,2.1533231450268855,0.34997385673803644,0.9636315847952635,2.8538887930249595,23,0.11461405578833977,0.3267308182596163
MEX,2026-06-10,1633.2691484487475,17,0.9711048087121014,0.7742581793478713,1.2310731626888076,0.9815299615821831,0.36593217718008547,1.0323375882361845,0.8581876727399464,26,0.5075097244129932,0.4452078959336955
NZL,2026-06-10,1254.0986329044035,80,0.33307128962205745,1.4707362971273301,0.4222357074512512,1.8644578510397873,0.215483439402696,0.6965055050263284,2.2288176160842506,23,0.10167377191850512,0.07444638175088739
IRQ,2026-06-10,1367.6471904882387,54,0.4800906397766871,0.9827842965692702,0.6086126821583869,1.2458792927027031,0.16575131049226996,0.40309038646178974,0.7933647549558042,23,0.2884837285061162,0.15745333118741467
ENG,2026-06-10,1704.5225190142344,5,0.9546414205641308,0.8281444163279641,1.2102024645581138,1.049841743780502,0.4306967499555214,1.7774103477743783,0.876947083631265,26,0.27225821245720927,0.3877711778511907
RSA,2026-06-10,1460.7621452232354,48,0.7068126166463597,0.8079328730317726,0.8960289719470964,1.0242194954863524,0.5227086856034427,0.7076676255012528,1.168450122126727,23,0.33635043961948075,0.2769312792834454
SWE,2026-06-10,1540.4101630302519,23,1.0238305273005592,1.9077882893228968,1.297913751423835,2.4185102802571894,0.2616934897601183,0.542743999039175,2.137827142240412,23,0.08251092899417374,0.22431955371580828
ECU,2026-06-10,1673.2408733954942,30,0.7027968565095274,0.5720485263050115,0.8909381779484483,0.7251880354951087,0.4990940149880352,0.45347727071676586,0.39016493642739875,26,0.41892380101117177,0.2930495121650877
GER,2026-06-10,1711.1648123683856,15,1.5574915761041128,1.278351000336049,1.9744378395145028,1.620570297759344,0.48908508029567227,1.6218557600840182,0.9073358272656119,23,0.10054517216922927,0.5493084272679863
USA,2026-06-10,1561.8443701616325,11,1.171904697898286,1.2073043520392865,1.4856279259134273,1.5305041985778038,0.5496949238287667,1.0579079071332906,0.7418379798039926,26,0.2117193146120079,0.4249908009219666
KSA,2026-06-10,1373.8687955329099,55,0.4593853721598298,0.9076193361690486,0.5823645377143205,1.1505923940146,0.22701878547961332,0.48456604688074595,0.7374174323733319,23,0.355319808674042,0.20294208515812506
SEN,2026-06-10,1552.6901676343757,18,0.7719887193960716,1.101671670778712,0.9786529587958793,1.3965932573116207,0.37934348476070867,0.9532495799574286,1.0732133966876198,26,0.33471808679375076,0.3002987040532249
ALG,2026-06-10,1629.819503920601,35,1.1955484262945162,0.639270310246415,1.5156011679706927,0.8104053399671961,0.6172230395339969,0.9751077070368598,1.2537099090473907,23,0.6549220374420924,0.5506343475195346
PAR,2026-06-10,1599.9992874938323,40,0.7477675114316193,1.0156303159874658,0.9479476437511655,1.2875183131710732,0.4856452826169541,0.6698843993510325,0.611906928893894,23,0.2865366033031279,0.247772311594915
CIV,2026-06-10,1552.1758085409353,62,1.138478370273475,0.7391093918599745,1.443253246582241,0.9369717135030818,0.43664153942529926,1.0447582575394927,1.0969961704164672,23,0.36834738697409586,0.4694373937613
CPV,2026-06-10,1413.1895576051527,50,0.48937346020504063,0.9881112885496615,0.6203805479962271,1.252632340165845,0.28842133454235896,0.48755385351843,1.6019626615605553,23,0.3006443723269358,0.06877284022454346
BRA,2026-06-10,1720.2851019127345,4,1.619594639076873,0.8975585946380826,2.0531661224564153,1.1378383547137887,0.6350985323121487,0.877476046866779,0.8268681007556041,26,0.3065383973650603,0.5466449163845483
CAN,2026-06-10,1521.162599610514,50,0.6608563408338174,0.7203390522504703,0.8377700308911075,0.9131764844603371,0.4961054199283426,1.0412658032443944,1.0358882262931681,26,0.4727413080824077,0.2929924866231532
AUS,2026-06-10,1525.8618701737062,50,1.0699878725487495,0.8537709300035571,1.3564275889480963,1.0823285700800649,0.7669561291353326,0.9155408304883799,0.6668656337235487,26,0.26961262296265204,0.4427594112810716
